solid OpenSCAD_Model
  facet normal 0.998801 -0.0489462 0
    outer loop
      vertex 95.9 175.777 3
      vertex 95.9197 176.179 0
      vertex 95.9197 176.179 3
    endloop
  endfacet
  facet normal 0.998801 -0.0489462 0
    outer loop
      vertex 95.9197 176.179 0
      vertex 95.9 175.777 3
      vertex 95.9 175.777 0
    endloop
  endfacet
  facet normal 0.146639 -0.98919 0
    outer loop
      vertex 99.2001 179.798 0
      vertex 99.5981 179.857 3
      vertex 99.2001 179.798 3
    endloop
  endfacet
  facet normal 0.146639 -0.98919 0
    outer loop
      vertex 99.5981 179.857 3
      vertex 99.2001 179.798 0
      vertex 99.5981 179.857 0
    endloop
  endfacet
  facet normal 0.0497021 -0.998764 0
    outer loop
      vertex 99.5981 179.857 0
      vertex 100 179.877 3
      vertex 99.5981 179.857 3
    endloop
  endfacet
  facet normal 0.0497021 -0.998764 0
    outer loop
      vertex 100 179.877 3
      vertex 99.5981 179.857 0
      vertex 100 179.877 0
    endloop
  endfacet
  facet normal 0.24119 -0.970478 0
    outer loop
      vertex 98.8098 179.701 0
      vertex 99.2001 179.798 3
      vertex 98.8098 179.701 3
    endloop
  endfacet
  facet normal 0.24119 -0.970478 0
    outer loop
      vertex 99.2001 179.798 3
      vertex 98.8098 179.701 0
      vertex 99.2001 179.798 0
    endloop
  endfacet
  facet normal -0.942023 -0.335549 0
    outer loop
      vertex 103.923 176.967 0
      vertex 103.788 177.346 3
      vertex 103.788 177.346 0
    endloop
  endfacet
  facet normal -0.942023 -0.335549 0
    outer loop
      vertex 103.788 177.346 3
      vertex 103.923 176.967 0
      vertex 103.923 176.967 3
    endloop
  endfacet
  facet normal 0.514386 0.857559 -0
    outer loop
      vertex 98.0673 172.161 0
      vertex 97.7222 172.368 3
      vertex 98.0673 172.161 3
    endloop
  endfacet
  facet normal 0.514386 0.857559 0
    outer loop
      vertex 97.7222 172.368 3
      vertex 98.0673 172.161 0
      vertex 97.7222 172.368 0
    endloop
  endfacet
  facet normal 0.672673 -0.73994 0
    outer loop
      vertex 97.1009 178.676 0
      vertex 97.399 178.947 3
      vertex 97.1009 178.676 3
    endloop
  endfacet
  facet normal 0.672673 -0.73994 0
    outer loop
      vertex 97.399 178.947 3
      vertex 97.1009 178.676 0
      vertex 97.399 178.947 0
    endloop
  endfacet
  facet normal -0.0496898 0.998765 0
    outer loop
      vertex 100.402 171.697 0
      vertex 100 171.677 3
      vertex 100.402 171.697 3
    endloop
  endfacet
  facet normal -0.0496898 0.998765 0
    outer loop
      vertex 100 171.677 3
      vertex 100.402 171.697 0
      vertex 100 171.677 0
    endloop
  endfacet
  facet normal -0.904142 0.427232 0
    outer loop
      vertex 103.616 173.844 0
      vertex 103.788 174.208 3
      vertex 103.788 174.208 0
    endloop
  endfacet
  facet normal -0.904142 0.427232 0
    outer loop
      vertex 103.788 174.208 3
      vertex 103.616 173.844 0
      vertex 103.616 173.844 3
    endloop
  endfacet
  facet normal -0.98919 -0.146639 0
    outer loop
      vertex 104.08 176.179 0
      vertex 104.021 176.577 3
      vertex 104.021 176.577 0
    endloop
  endfacet
  facet normal -0.98919 -0.146639 0
    outer loop
      vertex 104.021 176.577 3
      vertex 104.08 176.179 0
      vertex 104.08 176.179 3
    endloop
  endfacet
  facet normal -0.969849 -0.243706 0
    outer loop
      vertex 104.021 176.577 0
      vertex 103.923 176.967 3
      vertex 103.923 176.967 0
    endloop
  endfacet
  facet normal -0.969849 -0.243706 0
    outer loop
      vertex 103.923 176.967 3
      vertex 104.021 176.577 0
      vertex 104.021 176.577 3
    endloop
  endfacet
  facet normal 0.596178 0.802853 -0
    outer loop
      vertex 97.7222 172.368 0
      vertex 97.399 172.608 3
      vertex 97.7222 172.368 3
    endloop
  endfacet
  facet normal 0.596178 0.802853 0
    outer loop
      vertex 97.399 172.608 3
      vertex 97.7222 172.368 0
      vertex 97.399 172.608 0
    endloop
  endfacet
  facet normal 0.857603 0.514313 0
    outer loop
      vertex 96.591 173.499 3
      vertex 96.3841 173.844 0
      vertex 96.3841 173.844 3
    endloop
  endfacet
  facet normal 0.857603 0.514313 0
    outer loop
      vertex 96.3841 173.844 0
      vertex 96.591 173.499 3
      vertex 96.591 173.499 0
    endloop
  endfacet
  facet normal -0.802676 -0.596416 0
    outer loop
      vertex 103.409 178.055 0
      vertex 103.169 178.378 3
      vertex 103.169 178.378 0
    endloop
  endfacet
  facet normal -0.802676 -0.596416 0
    outer loop
      vertex 103.169 178.378 3
      vertex 103.409 178.055 0
      vertex 103.409 178.055 3
    endloop
  endfacet
  facet normal -0.241364 -0.970435 0
    outer loop
      vertex 100.8 179.798 0
      vertex 101.19 179.701 3
      vertex 100.8 179.798 3
    endloop
  endfacet
  facet normal -0.241364 -0.970435 -0
    outer loop
      vertex 101.19 179.701 3
      vertex 100.8 179.798 0
      vertex 101.19 179.701 0
    endloop
  endfacet
  facet normal 0.941551 0.336871 0
    outer loop
      vertex 96.2121 174.208 3
      vertex 96.0765 174.587 0
      vertex 96.0765 174.587 3
    endloop
  endfacet
  facet normal 0.941551 0.336871 0
    outer loop
      vertex 96.0765 174.587 0
      vertex 96.2121 174.208 3
      vertex 96.2121 174.208 0
    endloop
  endfacet
  facet normal 0.740817 0.671707 0
    outer loop
      vertex 97.1009 172.878 3
      vertex 96.8307 173.176 0
      vertex 96.8307 173.176 3
    endloop
  endfacet
  facet normal 0.740817 0.671707 0
    outer loop
      vertex 96.8307 173.176 0
      vertex 97.1009 172.878 3
      vertex 97.1009 172.878 0
    endloop
  endfacet
  facet normal 0.803033 0.595935 0
    outer loop
      vertex 96.8307 173.176 3
      vertex 96.591 173.499 0
      vertex 96.591 173.499 3
    endloop
  endfacet
  facet normal 0.803033 0.595935 0
    outer loop
      vertex 96.591 173.499 0
      vertex 96.8307 173.176 3
      vertex 96.8307 173.176 0
    endloop
  endfacet
  facet normal 0.33791 -0.941178 0
    outer loop
      vertex 98.431 179.565 0
      vertex 98.8098 179.701 3
      vertex 98.431 179.565 3
    endloop
  endfacet
  facet normal 0.33791 -0.941178 0
    outer loop
      vertex 98.8098 179.701 3
      vertex 98.431 179.565 0
      vertex 98.8098 179.701 0
    endloop
  endfacet
  facet normal 0.146639 0.98919 -0
    outer loop
      vertex 99.5981 171.697 0
      vertex 99.2001 171.756 3
      vertex 99.5981 171.697 3
    endloop
  endfacet
  facet normal 0.146639 0.98919 0
    outer loop
      vertex 99.2001 171.756 3
      vertex 99.5981 171.697 0
      vertex 99.2001 171.756 0
    endloop
  endfacet
  facet normal 0.941551 -0.336871 0
    outer loop
      vertex 96.0765 176.967 3
      vertex 96.2121 177.346 0
      vertex 96.2121 177.346 3
    endloop
  endfacet
  facet normal 0.941551 -0.336871 0
    outer loop
      vertex 96.2121 177.346 0
      vertex 96.0765 176.967 3
      vertex 96.0765 176.967 0
    endloop
  endfacet
  facet normal 0.740817 -0.671707 0
    outer loop
      vertex 96.8307 178.378 3
      vertex 97.1009 178.676 0
      vertex 97.1009 178.676 3
    endloop
  endfacet
  facet normal 0.740817 -0.671707 0
    outer loop
      vertex 97.1009 178.676 0
      vertex 96.8307 178.378 3
      vertex 96.8307 178.378 0
    endloop
  endfacet
  facet normal -0.243706 0.969849 0
    outer loop
      vertex 101.19 171.854 0
      vertex 100.8 171.756 3
      vertex 101.19 171.854 3
    endloop
  endfacet
  facet normal -0.243706 0.969849 0
    outer loop
      vertex 100.8 171.756 3
      vertex 101.19 171.854 0
      vertex 100.8 171.756 0
    endloop
  endfacet
  facet normal -0.0496898 -0.998765 0
    outer loop
      vertex 100 179.877 0
      vertex 100.402 179.857 3
      vertex 100 179.877 3
    endloop
  endfacet
  facet normal -0.0496898 -0.998765 -0
    outer loop
      vertex 100.402 179.857 3
      vertex 100 179.877 0
      vertex 100.402 179.857 0
    endloop
  endfacet
  facet normal 0.857603 -0.514313 0
    outer loop
      vertex 96.3841 177.71 3
      vertex 96.591 178.055 0
      vertex 96.591 178.055 3
    endloop
  endfacet
  facet normal 0.857603 -0.514313 0
    outer loop
      vertex 96.591 178.055 0
      vertex 96.3841 177.71 3
      vertex 96.3841 177.71 0
    endloop
  endfacet
  facet normal 0.594573 -0.804042 0
    outer loop
      vertex 97.399 178.947 0
      vertex 97.7222 179.186 3
      vertex 97.399 178.947 3
    endloop
  endfacet
  facet normal 0.594573 -0.804042 0
    outer loop
      vertex 97.7222 179.186 3
      vertex 97.399 178.947 0
      vertex 97.7222 179.186 0
    endloop
  endfacet
  facet normal 0.514386 -0.857559 0
    outer loop
      vertex 97.7222 179.186 0
      vertex 98.0673 179.393 3
      vertex 97.7222 179.186 3
    endloop
  endfacet
  facet normal 0.514386 -0.857559 0
    outer loop
      vertex 98.0673 179.393 3
      vertex 97.7222 179.186 0
      vertex 98.0673 179.393 0
    endloop
  endfacet
  facet normal -0.335549 0.942023 0
    outer loop
      vertex 101.569 171.989 0
      vertex 101.19 171.854 3
      vertex 101.569 171.989 3
    endloop
  endfacet
  facet normal -0.335549 0.942023 0
    outer loop
      vertex 101.19 171.854 3
      vertex 101.569 171.989 0
      vertex 101.19 171.854 0
    endloop
  endfacet
  facet normal -0.942023 0.335549 0
    outer loop
      vertex 103.788 174.208 0
      vertex 103.923 174.587 3
      vertex 103.923 174.587 0
    endloop
  endfacet
  facet normal -0.942023 0.335549 0
    outer loop
      vertex 103.923 174.587 3
      vertex 103.788 174.208 0
      vertex 103.788 174.208 3
    endloop
  endfacet
  facet normal -0.98919 0.146639 0
    outer loop
      vertex 104.021 174.977 0
      vertex 104.08 175.375 3
      vertex 104.08 175.375 0
    endloop
  endfacet
  facet normal -0.98919 0.146639 0
    outer loop
      vertex 104.08 175.375 3
      vertex 104.021 174.977 0
      vertex 104.021 174.977 3
    endloop
  endfacet
  facet normal -0.514496 0.857493 0
    outer loop
      vertex 102.278 172.368 0
      vertex 101.933 172.161 3
      vertex 102.278 172.368 3
    endloop
  endfacet
  facet normal -0.514496 0.857493 0
    outer loop
      vertex 101.933 172.161 3
      vertex 102.278 172.368 0
      vertex 101.933 172.161 0
    endloop
  endfacet
  facet normal 0.243529 0.969893 -0
    outer loop
      vertex 99.2001 171.756 0
      vertex 98.8098 171.854 3
      vertex 99.2001 171.756 3
    endloop
  endfacet
  facet normal 0.243529 0.969893 0
    outer loop
      vertex 98.8098 171.854 3
      vertex 99.2001 171.756 0
      vertex 98.8098 171.854 0
    endloop
  endfacet
  facet normal 0.989154 0.146882 0
    outer loop
      vertex 95.9788 174.977 3
      vertex 95.9197 175.375 0
      vertex 95.9197 175.375 3
    endloop
  endfacet
  facet normal 0.989154 0.146882 0
    outer loop
      vertex 95.9197 175.375 0
      vertex 95.9788 174.977 3
      vertex 95.9788 174.977 0
    endloop
  endfacet
  facet normal -0.969849 0.243706 0
    outer loop
      vertex 103.923 174.587 0
      vertex 104.021 174.977 3
      vertex 104.021 174.977 0
    endloop
  endfacet
  facet normal -0.969849 0.243706 0
    outer loop
      vertex 104.021 174.977 3
      vertex 103.923 174.587 0
      vertex 103.923 174.587 3
    endloop
  endfacet
  facet normal -0.146639 -0.98919 0
    outer loop
      vertex 100.402 179.857 0
      vertex 100.8 179.798 3
      vertex 100.402 179.857 3
    endloop
  endfacet
  facet normal -0.146639 -0.98919 -0
    outer loop
      vertex 100.8 179.798 3
      vertex 100.402 179.857 0
      vertex 100.8 179.798 0
    endloop
  endfacet
  facet normal 0.42752 0.904006 -0
    outer loop
      vertex 98.431 171.989 0
      vertex 98.0673 172.161 3
      vertex 98.431 171.989 3
    endloop
  endfacet
  facet normal 0.42752 0.904006 0
    outer loop
      vertex 98.0673 172.161 3
      vertex 98.431 171.989 0
      vertex 98.0673 172.161 0
    endloop
  endfacet
  facet normal -0.857493 -0.514496 0
    outer loop
      vertex 103.616 177.71 0
      vertex 103.409 178.055 3
      vertex 103.409 178.055 0
    endloop
  endfacet
  facet normal -0.857493 -0.514496 0
    outer loop
      vertex 103.409 178.055 3
      vertex 103.616 177.71 0
      vertex 103.616 177.71 3
    endloop
  endfacet
  facet normal -0.427232 -0.904142 0
    outer loop
      vertex 101.569 179.565 0
      vertex 101.933 179.393 3
      vertex 101.569 179.565 3
    endloop
  endfacet
  facet normal -0.427232 -0.904142 -0
    outer loop
      vertex 101.933 179.393 3
      vertex 101.569 179.565 0
      vertex 101.933 179.393 0
    endloop
  endfacet
  facet normal -0.857493 0.514496 0
    outer loop
      vertex 103.409 173.499 0
      vertex 103.616 173.844 3
      vertex 103.616 173.844 0
    endloop
  endfacet
  facet normal -0.857493 0.514496 0
    outer loop
      vertex 103.616 173.844 3
      vertex 103.409 173.499 0
      vertex 103.409 173.499 3
    endloop
  endfacet
  facet normal 0.335706 0.941967 -0
    outer loop
      vertex 98.8098 171.854 0
      vertex 98.431 171.989 3
      vertex 98.8098 171.854 3
    endloop
  endfacet
  facet normal 0.335706 0.941967 0
    outer loop
      vertex 98.431 171.989 3
      vertex 98.8098 171.854 0
      vertex 98.431 171.989 0
    endloop
  endfacet
  facet normal 0.904142 -0.427232 0
    outer loop
      vertex 96.2121 177.346 3
      vertex 96.3841 177.71 0
      vertex 96.3841 177.71 3
    endloop
  endfacet
  facet normal 0.904142 -0.427232 0
    outer loop
      vertex 96.3841 177.71 0
      vertex 96.2121 177.346 3
      vertex 96.2121 177.346 0
    endloop
  endfacet
  facet normal -0.514496 -0.857493 0
    outer loop
      vertex 101.933 179.393 0
      vertex 102.278 179.186 3
      vertex 101.933 179.393 3
    endloop
  endfacet
  facet normal -0.514496 -0.857493 -0
    outer loop
      vertex 102.278 179.186 3
      vertex 101.933 179.393 0
      vertex 102.278 179.186 0
    endloop
  endfacet
  facet normal -0.594811 -0.803866 0
    outer loop
      vertex 102.278 179.186 0
      vertex 102.601 178.947 3
      vertex 102.278 179.186 3
    endloop
  endfacet
  facet normal -0.594811 -0.803866 -0
    outer loop
      vertex 102.601 178.947 3
      vertex 102.278 179.186 0
      vertex 102.601 178.947 0
    endloop
  endfacet
  facet normal 0.970025 0.243004 0
    outer loop
      vertex 96.0765 174.587 3
      vertex 95.9788 174.977 0
      vertex 95.9788 174.977 3
    endloop
  endfacet
  facet normal 0.970025 0.243004 0
    outer loop
      vertex 95.9788 174.977 0
      vertex 96.0765 174.587 3
      vertex 96.0765 174.587 0
    endloop
  endfacet
  facet normal 0.42752 -0.904006 0
    outer loop
      vertex 98.0673 179.393 0
      vertex 98.431 179.565 3
      vertex 98.0673 179.393 3
    endloop
  endfacet
  facet normal 0.42752 -0.904006 0
    outer loop
      vertex 98.431 179.565 3
      vertex 98.0673 179.393 0
      vertex 98.431 179.565 0
    endloop
  endfacet
  facet normal -0.427232 0.904142 0
    outer loop
      vertex 101.933 172.161 0
      vertex 101.569 171.989 3
      vertex 101.933 172.161 3
    endloop
  endfacet
  facet normal -0.427232 0.904142 0
    outer loop
      vertex 101.569 171.989 3
      vertex 101.933 172.161 0
      vertex 101.569 171.989 0
    endloop
  endfacet
  facet normal 0.989154 -0.146882 0
    outer loop
      vertex 95.9197 176.179 3
      vertex 95.9788 176.577 0
      vertex 95.9788 176.577 3
    endloop
  endfacet
  facet normal 0.989154 -0.146882 0
    outer loop
      vertex 95.9788 176.577 0
      vertex 95.9197 176.179 3
      vertex 95.9197 176.179 0
    endloop
  endfacet
  facet normal 0.904142 0.427232 0
    outer loop
      vertex 96.3841 173.844 3
      vertex 96.2121 174.208 0
      vertex 96.2121 174.208 3
    endloop
  endfacet
  facet normal 0.904142 0.427232 0
    outer loop
      vertex 96.2121 174.208 0
      vertex 96.3841 173.844 3
      vertex 96.3841 173.844 0
    endloop
  endfacet
  facet normal 0.803033 -0.595935 0
    outer loop
      vertex 96.591 178.055 3
      vertex 96.8307 178.378 0
      vertex 96.8307 178.378 3
    endloop
  endfacet
  facet normal 0.803033 -0.595935 0
    outer loop
      vertex 96.8307 178.378 0
      vertex 96.591 178.055 3
      vertex 96.591 178.055 0
    endloop
  endfacet
  facet normal -0.596416 0.802676 0
    outer loop
      vertex 102.601 172.608 0
      vertex 102.278 172.368 3
      vertex 102.601 172.608 3
    endloop
  endfacet
  facet normal -0.596416 0.802676 0
    outer loop
      vertex 102.278 172.368 3
      vertex 102.601 172.608 0
      vertex 102.278 172.368 0
    endloop
  endfacet
  facet normal 0.998801 0.0489462 0
    outer loop
      vertex 95.9197 175.375 3
      vertex 95.9 175.777 0
      vertex 95.9 175.777 3
    endloop
  endfacet
  facet normal 0.998801 0.0489462 0
    outer loop
      vertex 95.9 175.777 0
      vertex 95.9197 175.375 3
      vertex 95.9197 175.375 0
    endloop
  endfacet
  facet normal -0.741064 0.671434 0
    outer loop
      vertex 102.899 172.878 0
      vertex 103.169 173.176 3
      vertex 103.169 173.176 0
    endloop
  endfacet
  facet normal -0.741064 0.671434 0
    outer loop
      vertex 103.169 173.176 3
      vertex 102.899 172.878 0
      vertex 102.899 172.878 3
    endloop
  endfacet
  facet normal -0.146639 0.98919 0
    outer loop
      vertex 100.8 171.756 0
      vertex 100.402 171.697 3
      vertex 100.8 171.756 3
    endloop
  endfacet
  facet normal -0.146639 0.98919 0
    outer loop
      vertex 100.402 171.697 3
      vertex 100.8 171.756 0
      vertex 100.402 171.697 0
    endloop
  endfacet
  facet normal -0.904142 -0.427232 0
    outer loop
      vertex 103.788 177.346 0
      vertex 103.616 177.71 3
      vertex 103.616 177.71 0
    endloop
  endfacet
  facet normal -0.904142 -0.427232 0
    outer loop
      vertex 103.616 177.71 3
      vertex 103.788 177.346 0
      vertex 103.788 177.346 3
    endloop
  endfacet
  facet normal -0.671434 0.741064 0
    outer loop
      vertex 102.899 172.878 0
      vertex 102.601 172.608 3
      vertex 102.899 172.878 3
    endloop
  endfacet
  facet normal -0.671434 0.741064 0
    outer loop
      vertex 102.601 172.608 3
      vertex 102.899 172.878 0
      vertex 102.601 172.608 0
    endloop
  endfacet
  facet normal -0.998765 -0.0496898 0
    outer loop
      vertex 104.1 175.777 0
      vertex 104.08 176.179 3
      vertex 104.08 176.179 0
    endloop
  endfacet
  facet normal -0.998765 -0.0496898 0
    outer loop
      vertex 104.08 176.179 3
      vertex 104.1 175.777 0
      vertex 104.1 175.777 3
    endloop
  endfacet
  facet normal 0.67131 0.741176 -0
    outer loop
      vertex 97.399 172.608 0
      vertex 97.1009 172.878 3
      vertex 97.399 172.608 3
    endloop
  endfacet
  facet normal 0.67131 0.741176 0
    outer loop
      vertex 97.1009 172.878 3
      vertex 97.399 172.608 0
      vertex 97.1009 172.878 0
    endloop
  endfacet
  facet normal -0.802676 0.596416 0
    outer loop
      vertex 103.169 173.176 0
      vertex 103.409 173.499 3
      vertex 103.409 173.499 0
    endloop
  endfacet
  facet normal -0.802676 0.596416 0
    outer loop
      vertex 103.409 173.499 3
      vertex 103.169 173.176 0
      vertex 103.169 173.176 3
    endloop
  endfacet
  facet normal 0.970025 -0.243004 0
    outer loop
      vertex 95.9788 176.577 3
      vertex 96.0765 176.967 0
      vertex 96.0765 176.967 3
    endloop
  endfacet
  facet normal 0.970025 -0.243004 0
    outer loop
      vertex 96.0765 176.967 0
      vertex 95.9788 176.577 3
      vertex 95.9788 176.577 0
    endloop
  endfacet
  facet normal -0.337752 -0.941235 0
    outer loop
      vertex 101.19 179.701 0
      vertex 101.569 179.565 3
      vertex 101.19 179.701 3
    endloop
  endfacet
  facet normal -0.337752 -0.941235 -0
    outer loop
      vertex 101.569 179.565 3
      vertex 101.19 179.701 0
      vertex 101.569 179.565 0
    endloop
  endfacet
  facet normal -0.998765 0.0496898 0
    outer loop
      vertex 104.08 175.375 0
      vertex 104.1 175.777 3
      vertex 104.1 175.777 0
    endloop
  endfacet
  facet normal -0.998765 0.0496898 0
    outer loop
      vertex 104.1 175.777 3
      vertex 104.08 175.375 0
      vertex 104.08 175.375 3
    endloop
  endfacet
  facet normal 0.0497021 0.998764 -0
    outer loop
      vertex 100 171.677 0
      vertex 99.5981 171.697 3
      vertex 100 171.677 3
    endloop
  endfacet
  facet normal 0.0497021 0.998764 0
    outer loop
      vertex 99.5981 171.697 3
      vertex 100 171.677 0
      vertex 99.5981 171.697 0
    endloop
  endfacet
  facet normal -0.672796 -0.739828 0
    outer loop
      vertex 102.601 178.947 0
      vertex 102.899 178.676 3
      vertex 102.601 178.947 3
    endloop
  endfacet
  facet normal -0.672796 -0.739828 -0
    outer loop
      vertex 102.899 178.676 3
      vertex 102.601 178.947 0
      vertex 102.899 178.676 0
    endloop
  endfacet
  facet normal -0.741064 -0.671434 0
    outer loop
      vertex 103.169 178.378 0
      vertex 102.899 178.676 3
      vertex 102.899 178.676 0
    endloop
  endfacet
  facet normal -0.741064 -0.671434 0
    outer loop
      vertex 102.899 178.676 3
      vertex 103.169 178.378 0
      vertex 103.169 178.378 3
    endloop
  endfacet
  facet normal 0.718678 0.695343 0
    outer loop
      vertex 9.69727 21.2303 3
      vertex 9.41746 21.5195 0
      vertex 9.41746 21.5195 3
    endloop
  endfacet
  facet normal 0.718678 0.695343 0
    outer loop
      vertex 9.41746 21.5195 0
      vertex 9.69727 21.2303 3
      vertex 9.69727 21.2303 0
    endloop
  endfacet
  facet normal -0.621689 0.783264 0
    outer loop
      vertex 15.2033 21.1402 0
      vertex 14.8882 20.8901 3
      vertex 15.2033 21.1402 3
    endloop
  endfacet
  facet normal -0.621689 0.783264 0
    outer loop
      vertex 14.8882 20.8901 3
      vertex 15.2033 21.1402 0
      vertex 14.8882 20.8901 0
    endloop
  endfacet
  facet normal -0.87404 0.485854 0
    outer loop
      vertex 15.9817 22.0577 0
      vertex 16.1772 22.4094 3
      vertex 16.1772 22.4094 0
    endloop
  endfacet
  facet normal -0.87404 0.485854 0
    outer loop
      vertex 16.1772 22.4094 3
      vertex 15.9817 22.0577 0
      vertex 15.9817 22.0577 3
    endloop
  endfacet
  facet normal -0.983862 -0.178929 0
    outer loop
      vertex 16.5649 24.7579 0
      vertex 16.4929 25.1538 3
      vertex 16.4929 25.1538 0
    endloop
  endfacet
  facet normal -0.983862 -0.178929 0
    outer loop
      vertex 16.4929 25.1538 3
      vertex 16.5649 24.7579 0
      vertex 16.5649 24.7579 3
    endloop
  endfacet
  facet normal 0.840482 0.54184 0
    outer loop
      vertex 9.16733 21.8346 3
      vertex 8.9493 22.1728 0
      vertex 8.9493 22.1728 3
    endloop
  endfacet
  facet normal 0.840482 0.54184 0
    outer loop
      vertex 8.9493 22.1728 0
      vertex 9.16733 21.8346 3
      vertex 9.16733 21.8346 0
    endloop
  endfacet
  facet normal -0.274623 0.961552 0
    outer loop
      vertex 13.8179 20.3404 0
      vertex 13.431 20.2299 3
      vertex 13.8179 20.3404 3
    endloop
  endfacet
  facet normal -0.274623 0.961552 0
    outer loop
      vertex 13.431 20.2299 3
      vertex 13.8179 20.3404 0
      vertex 13.431 20.2299 0
    endloop
  endfacet
  facet normal 0.367574 -0.929994 0
    outer loop
      vertex 10.8079 27.9573 0
      vertex 11.1821 28.1052 3
      vertex 10.8079 27.9573 3
    endloop
  endfacet
  facet normal 0.367574 -0.929994 0
    outer loop
      vertex 11.1821 28.1052 3
      vertex 10.8079 27.9573 0
      vertex 11.1821 28.1052 0
    endloop
  endfacet
  facet normal 0.569184 0.82221 -0
    outer loop
      vertex 10.3349 20.741 0
      vertex 10.0041 20.97 3
      vertex 10.3349 20.741 3
    endloop
  endfacet
  facet normal 0.569184 0.82221 0
    outer loop
      vertex 10.0041 20.97 3
      vertex 10.3349 20.741 0
      vertex 10.0041 20.97 0
    endloop
  endfacet
  facet normal 0.952064 -0.305898 0
    outer loop
      vertex 8.5397 25.2839 3
      vertex 8.66279 25.667 0
      vertex 8.66279 25.667 3
    endloop
  endfacet
  facet normal 0.952064 -0.305898 0
    outer loop
      vertex 8.66279 25.667 0
      vertex 8.5397 25.2839 3
      vertex 8.5397 25.2839 0
    endloop
  endfacet
  facet normal 0.621665 -0.783283 0
    outer loop
      vertex 9.79668 27.3053 0
      vertex 10.1118 27.5554 3
      vertex 9.79668 27.3053 3
    endloop
  endfacet
  facet normal 0.621665 -0.783283 0
    outer loop
      vertex 10.1118 27.5554 3
      vertex 9.79668 27.3053 0
      vertex 10.1118 27.5554 0
    endloop
  endfacet
  facet normal 0.822233 -0.569151 0
    outer loop
      vertex 9.01827 26.3879 3
      vertex 9.24725 26.7187 0
      vertex 9.24725 26.7187 3
    endloop
  endfacet
  facet normal 0.822233 -0.569151 0
    outer loop
      vertex 9.24725 26.7187 0
      vertex 9.01827 26.3879 3
      vertex 9.01827 26.3879 0
    endloop
  endfacet
  facet normal -0.952034 0.305993 0
    outer loop
      vertex 16.3372 22.7786 0
      vertex 16.4603 23.1616 3
      vertex 16.4603 23.1616 0
    endloop
  endfacet
  facet normal -0.952034 0.305993 0
    outer loop
      vertex 16.4603 23.1616 3
      vertex 16.3372 22.7786 0
      vertex 16.3372 22.7786 3
    endloop
  endfacet
  facet normal 0.762515 -0.64697 0
    outer loop
      vertex 9.24725 26.7187 3
      vertex 9.50756 27.0255 0
      vertex 9.50756 27.0255 3
    endloop
  endfacet
  facet normal 0.762515 -0.64697 0
    outer loop
      vertex 9.50756 27.0255 0
      vertex 9.24725 26.7187 3
      vertex 9.24725 26.7187 0
    endloop
  endfacet
  facet normal 0.93002 0.367509 0
    outer loop
      vertex 8.76546 22.5307 3
      vertex 8.61759 22.9049 0
      vertex 8.61759 22.9049 3
    endloop
  endfacet
  facet normal 0.93002 0.367509 0
    outer loop
      vertex 8.61759 22.9049 0
      vertex 8.76546 22.5307 3
      vertex 8.76546 22.5307 0
    endloop
  endfacet
  facet normal -0.457028 0.889452 0
    outer loop
      vertex 14.55 20.6721 0
      vertex 14.1921 20.4882 3
      vertex 14.55 20.6721 3
    endloop
  endfacet
  facet normal -0.457028 0.889452 0
    outer loop
      vertex 14.1921 20.4882 3
      vertex 14.55 20.6721 0
      vertex 14.1921 20.4882 0
    endloop
  endfacet
  facet normal -0.0817499 0.996653 0
    outer loop
      vertex 13.0352 20.1579 0
      vertex 12.6341 20.125 3
      vertex 13.0352 20.1579 3
    endloop
  endfacet
  facet normal -0.0817499 0.996653 0
    outer loop
      vertex 12.6341 20.125 3
      vertex 13.0352 20.1579 0
      vertex 12.6341 20.125 0
    endloop
  endfacet
  facet normal -0.485854 -0.87404 0
    outer loop
      vertex 14.3134 27.9 0
      vertex 14.6651 27.7045 3
      vertex 14.3134 27.9 3
    endloop
  endfacet
  facet normal -0.485854 -0.87404 -0
    outer loop
      vertex 14.6651 27.7045 3
      vertex 14.3134 27.9 0
      vertex 14.6651 27.7045 0
    endloop
  endfacet
  facet normal 0.274623 -0.961552 0
    outer loop
      vertex 11.1821 28.1052 0
      vertex 11.569 28.2157 3
      vertex 11.1821 28.1052 3
    endloop
  endfacet
  facet normal 0.274623 -0.961552 0
    outer loop
      vertex 11.569 28.2157 3
      vertex 11.1821 28.1052 0
      vertex 11.569 28.2157 0
    endloop
  endfacet
  facet normal -0.71857 -0.695455 0
    outer loop
      vertex 15.5825 26.9261 0
      vertex 15.3027 27.2152 3
      vertex 15.3027 27.2152 0
    endloop
  endfacet
  facet normal -0.71857 -0.695455 0
    outer loop
      vertex 15.3027 27.2152 3
      vertex 15.5825 26.9261 0
      vertex 15.5825 26.9261 3
    endloop
  endfacet
  facet normal 0.961559 0.2746 0
    outer loop
      vertex 8.61759 22.9049 3
      vertex 8.5071 23.2918 0
      vertex 8.5071 23.2918 3
    endloop
  endfacet
  facet normal 0.961559 0.2746 0
    outer loop
      vertex 8.5071 23.2918 0
      vertex 8.61759 22.9049 3
      vertex 8.61759 22.9049 0
    endloop
  endfacet
  facet normal -0.367359 0.930079 0
    outer loop
      vertex 14.1921 20.4882 0
      vertex 13.8179 20.3404 3
      vertex 14.1921 20.4882 3
    endloop
  endfacet
  facet normal -0.367359 0.930079 0
    outer loop
      vertex 13.8179 20.3404 3
      vertex 14.1921 20.4882 0
      vertex 13.8179 20.3404 0
    endloop
  endfacet
  facet normal 0.0164035 0.999865 -0
    outer loop
      vertex 12.6341 20.125 0
      vertex 12.2318 20.1316 3
      vertex 12.6341 20.125 3
    endloop
  endfacet
  facet normal 0.0164035 0.999865 0
    outer loop
      vertex 12.2318 20.1316 3
      vertex 12.6341 20.125 0
      vertex 12.2318 20.1316 0
    endloop
  endfacet
  facet normal 0.397635 0.917544 -0
    outer loop
      vertex 11.0558 20.3856 0
      vertex 10.6866 20.5456 3
      vertex 11.0558 20.3856 3
    endloop
  endfacet
  facet normal 0.397635 0.917544 0
    outer loop
      vertex 10.6866 20.5456 3
      vertex 11.0558 20.3856 0
      vertex 10.6866 20.5456 0
    endloop
  endfacet
  facet normal -0.917544 0.397635 0
    outer loop
      vertex 16.1772 22.4094 0
      vertex 16.3372 22.7786 3
      vertex 16.3372 22.7786 0
    endloop
  endfacet
  facet normal -0.917544 0.397635 0
    outer loop
      vertex 16.3372 22.7786 3
      vertex 16.1772 22.4094 0
      vertex 16.1772 22.4094 3
    endloop
  endfacet
  facet normal 0.69543 -0.718594 0
    outer loop
      vertex 9.50756 27.0255 0
      vertex 9.79668 27.3053 3
      vertex 9.50756 27.0255 3
    endloop
  endfacet
  facet normal 0.69543 -0.718594 0
    outer loop
      vertex 9.79668 27.3053 3
      vertex 9.50756 27.0255 0
      vertex 9.79668 27.3053 0
    endloop
  endfacet
  facet normal -0.695455 0.71857 0
    outer loop
      vertex 15.4924 21.42 0
      vertex 15.2033 21.1402 3
      vertex 15.4924 21.42 3
    endloop
  endfacet
  facet normal -0.695455 0.71857 0
    outer loop
      vertex 15.2033 21.1402 3
      vertex 15.4924 21.42 0
      vertex 15.2033 21.1402 0
    endloop
  endfacet
  facet normal -0.646956 -0.762528 0
    outer loop
      vertex 14.9959 27.4755 0
      vertex 15.3027 27.2152 3
      vertex 14.9959 27.4755 3
    endloop
  endfacet
  facet normal -0.646956 -0.762528 -0
    outer loop
      vertex 15.3027 27.2152 3
      vertex 14.9959 27.4755 0
      vertex 15.3027 27.2152 0
    endloop
  endfacet
  facet normal 0.0817499 -0.996653 0
    outer loop
      vertex 11.9648 28.2877 0
      vertex 12.3659 28.3206 3
      vertex 11.9648 28.2877 3
    endloop
  endfacet
  facet normal 0.0817499 -0.996653 0
    outer loop
      vertex 12.3659 28.3206 3
      vertex 11.9648 28.2877 0
      vertex 12.3659 28.3206 0
    endloop
  endfacet
  facet normal -0.178973 0.983854 0
    outer loop
      vertex 13.431 20.2299 0
      vertex 13.0352 20.1579 3
      vertex 13.431 20.2299 3
    endloop
  endfacet
  facet normal -0.178973 0.983854 0
    outer loop
      vertex 13.0352 20.1579 3
      vertex 13.431 20.2299 0
      vertex 13.0352 20.1579 0
    endloop
  endfacet
  facet normal 0.783228 0.621735 0
    outer loop
      vertex 9.41746 21.5195 3
      vertex 9.16733 21.8346 0
      vertex 9.16733 21.8346 3
    endloop
  endfacet
  facet normal 0.783228 0.621735 0
    outer loop
      vertex 9.16733 21.8346 0
      vertex 9.41746 21.5195 3
      vertex 9.41746 21.5195 0
    endloop
  endfacet
  facet normal 0.889513 0.45691 0
    outer loop
      vertex 8.9493 22.1728 3
      vertex 8.76546 22.5307 0
      vertex 8.76546 22.5307 3
    endloop
  endfacet
  facet normal 0.889513 0.45691 0
    outer loop
      vertex 8.76546 22.5307 0
      vertex 8.9493 22.1728 3
      vertex 8.9493 22.1728 0
    endloop
  endfacet
  facet normal 0.996655 0.0817208 0
    outer loop
      vertex 8.43508 23.6876 3
      vertex 8.4022 24.0886 0
      vertex 8.4022 24.0886 3
    endloop
  endfacet
  facet normal 0.996655 0.0817208 0
    outer loop
      vertex 8.4022 24.0886 0
      vertex 8.43508 23.6876 3
      vertex 8.43508 23.6876 0
    endloop
  endfacet
  facet normal 0.917516 -0.397698 0
    outer loop
      vertex 8.66279 25.667 3
      vertex 8.82282 26.0362 0
      vertex 8.82282 26.0362 3
    endloop
  endfacet
  facet normal 0.917516 -0.397698 0
    outer loop
      vertex 8.82282 26.0362 0
      vertex 8.66279 25.667 3
      vertex 8.66279 25.667 0
    endloop
  endfacet
  facet normal -0.305993 -0.952034 0
    outer loop
      vertex 13.5612 28.1831 0
      vertex 13.9442 28.06 3
      vertex 13.5612 28.1831 3
    endloop
  endfacet
  facet normal -0.305993 -0.952034 -0
    outer loop
      vertex 13.9442 28.06 3
      vertex 13.5612 28.1831 0
      vertex 13.9442 28.06 0
    endloop
  endfacet
  facet normal -0.114332 -0.993443 0
    outer loop
      vertex 12.7682 28.314 0
      vertex 13.1679 28.268 3
      vertex 12.7682 28.314 3
    endloop
  endfacet
  facet normal -0.114332 -0.993443 -0
    outer loop
      vertex 13.1679 28.268 3
      vertex 12.7682 28.314 0
      vertex 13.1679 28.268 0
    endloop
  endfacet
  facet normal 0.114086 0.993471 -0
    outer loop
      vertex 12.2318 20.1316 0
      vertex 11.8321 20.1775 3
      vertex 12.2318 20.1316 3
    endloop
  endfacet
  facet normal 0.114086 0.993471 0
    outer loop
      vertex 11.8321 20.1775 3
      vertex 12.2318 20.1316 0
      vertex 11.8321 20.1775 0
    endloop
  endfacet
  facet normal 0.541963 -0.840403 0
    outer loop
      vertex 10.1118 27.5554 0
      vertex 10.45 27.7735 3
      vertex 10.1118 27.5554 3
    endloop
  endfacet
  facet normal 0.541963 -0.840403 0
    outer loop
      vertex 10.45 27.7735 3
      vertex 10.1118 27.5554 0
      vertex 10.45 27.7735 0
    endloop
  endfacet
  facet normal 0.646919 0.762559 -0
    outer loop
      vertex 10.0041 20.97 0
      vertex 9.69727 21.2303 3
      vertex 10.0041 20.97 3
    endloop
  endfacet
  facet normal 0.646919 0.762559 0
    outer loop
      vertex 9.69727 21.2303 3
      vertex 10.0041 20.97 0
      vertex 9.69727 21.2303 0
    endloop
  endfacet
  facet normal 0.999866 -0.0163538 0
    outer loop
      vertex 8.4022 24.0886 3
      vertex 8.40878 24.4909 0
      vertex 8.40878 24.4909 3
    endloop
  endfacet
  facet normal 0.999866 -0.0163538 0
    outer loop
      vertex 8.40878 24.4909 0
      vertex 8.4022 24.0886 3
      vertex 8.4022 24.0886 0
    endloop
  endfacet
  facet normal 0.993448 -0.114283 0
    outer loop
      vertex 8.40878 24.4909 3
      vertex 8.45476 24.8906 0
      vertex 8.45476 24.8906 3
    endloop
  endfacet
  facet normal 0.993448 -0.114283 0
    outer loop
      vertex 8.45476 24.8906 0
      vertex 8.40878 24.4909 3
      vertex 8.40878 24.4909 0
    endloop
  endfacet
  facet normal -0.541787 0.840516 0
    outer loop
      vertex 14.8882 20.8901 0
      vertex 14.55 20.6721 3
      vertex 14.8882 20.8901 3
    endloop
  endfacet
  facet normal -0.541787 0.840516 0
    outer loop
      vertex 14.55 20.6721 3
      vertex 14.8882 20.8901 0
      vertex 14.55 20.6721 0
    endloop
  endfacet
  facet normal 0.485664 0.874146 -0
    outer loop
      vertex 10.6866 20.5456 0
      vertex 10.3349 20.741 3
      vertex 10.6866 20.5456 3
    endloop
  endfacet
  facet normal 0.485664 0.874146 0
    outer loop
      vertex 10.3349 20.741 3
      vertex 10.6866 20.5456 0
      vertex 10.3349 20.741 0
    endloop
  endfacet
  facet normal 0.305993 0.952034 -0
    outer loop
      vertex 11.4388 20.2625 0
      vertex 11.0558 20.3856 3
      vertex 11.4388 20.2625 3
    endloop
  endfacet
  facet normal 0.305993 0.952034 0
    outer loop
      vertex 11.0558 20.3856 3
      vertex 11.4388 20.2625 0
      vertex 11.0558 20.3856 0
    endloop
  endfacet
  facet normal 0.211243 0.977434 -0
    outer loop
      vertex 11.8321 20.1775 0
      vertex 11.4388 20.2625 3
      vertex 11.8321 20.1775 3
    endloop
  endfacet
  facet normal 0.211243 0.977434 0
    outer loop
      vertex 11.4388 20.2625 3
      vertex 11.8321 20.1775 0
      vertex 11.4388 20.2625 0
    endloop
  endfacet
  facet normal -0.762632 0.646833 0
    outer loop
      vertex 15.4924 21.42 0
      vertex 15.7527 21.7269 3
      vertex 15.7527 21.7269 0
    endloop
  endfacet
  facet normal -0.762632 0.646833 0
    outer loop
      vertex 15.7527 21.7269 3
      vertex 15.4924 21.42 0
      vertex 15.4924 21.42 3
    endloop
  endfacet
  facet normal -0.783239 -0.621721 0
    outer loop
      vertex 15.8327 26.6109 0
      vertex 15.5825 26.9261 3
      vertex 15.5825 26.9261 0
    endloop
  endfacet
  facet normal -0.783239 -0.621721 0
    outer loop
      vertex 15.5825 26.9261 3
      vertex 15.8327 26.6109 0
      vertex 15.8327 26.6109 3
    endloop
  endfacet
  facet normal -0.82221 0.569184 0
    outer loop
      vertex 15.7527 21.7269 0
      vertex 15.9817 22.0577 3
      vertex 15.9817 22.0577 0
    endloop
  endfacet
  facet normal -0.82221 0.569184 0
    outer loop
      vertex 15.9817 22.0577 3
      vertex 15.7527 21.7269 0
      vertex 15.7527 21.7269 3
    endloop
  endfacet
  facet normal -0.977485 0.211006 0
    outer loop
      vertex 16.4603 23.1616 0
      vertex 16.5452 23.5549 3
      vertex 16.5452 23.5549 0
    endloop
  endfacet
  facet normal -0.977485 0.211006 0
    outer loop
      vertex 16.5452 23.5549 3
      vertex 16.4603 23.1616 0
      vertex 16.4603 23.1616 3
    endloop
  endfacet
  facet normal -0.0164035 -0.999865 0
    outer loop
      vertex 12.3659 28.3206 0
      vertex 12.7682 28.314 3
      vertex 12.3659 28.3206 3
    endloop
  endfacet
  facet normal -0.0164035 -0.999865 -0
    outer loop
      vertex 12.7682 28.314 3
      vertex 12.3659 28.3206 0
      vertex 12.7682 28.314 0
    endloop
  endfacet
  facet normal -0.961552 -0.274623 0
    outer loop
      vertex 16.4929 25.1538 0
      vertex 16.3824 25.5407 3
      vertex 16.3824 25.5407 0
    endloop
  endfacet
  facet normal -0.961552 -0.274623 0
    outer loop
      vertex 16.3824 25.5407 3
      vertex 16.4929 25.1538 0
      vertex 16.4929 25.1538 3
    endloop
  endfacet
  facet normal -0.397635 -0.917544 0
    outer loop
      vertex 13.9442 28.06 0
      vertex 14.3134 27.9 3
      vertex 13.9442 28.06 3
    endloop
  endfacet
  facet normal -0.397635 -0.917544 -0
    outer loop
      vertex 14.3134 27.9 3
      vertex 13.9442 28.06 0
      vertex 14.3134 27.9 0
    endloop
  endfacet
  facet normal -0.840443 -0.5419 0
    outer loop
      vertex 16.0507 26.2728 0
      vertex 15.8327 26.6109 3
      vertex 15.8327 26.6109 0
    endloop
  endfacet
  facet normal -0.840443 -0.5419 0
    outer loop
      vertex 15.8327 26.6109 3
      vertex 16.0507 26.2728 0
      vertex 16.0507 26.2728 3
    endloop
  endfacet
  facet normal -0.211006 -0.977485 0
    outer loop
      vertex 13.1679 28.268 0
      vertex 13.5612 28.1831 3
      vertex 13.1679 28.268 3
    endloop
  endfacet
  facet normal -0.211006 -0.977485 -0
    outer loop
      vertex 13.5612 28.1831 3
      vertex 13.1679 28.268 0
      vertex 13.5612 28.1831 0
    endloop
  endfacet
  facet normal 0.874093 -0.485759 0
    outer loop
      vertex 8.82282 26.0362 3
      vertex 9.01827 26.3879 0
      vertex 9.01827 26.3879 3
    endloop
  endfacet
  facet normal 0.874093 -0.485759 0
    outer loop
      vertex 9.01827 26.3879 0
      vertex 8.82282 26.0362 3
      vertex 8.82282 26.0362 0
    endloop
  endfacet
  facet normal -0.993443 0.114332 0
    outer loop
      vertex 16.5452 23.5549 0
      vertex 16.5912 23.9546 3
      vertex 16.5912 23.9546 0
    endloop
  endfacet
  facet normal -0.993443 0.114332 0
    outer loop
      vertex 16.5912 23.9546 3
      vertex 16.5452 23.5549 0
      vertex 16.5452 23.5549 3
    endloop
  endfacet
  facet normal 0.983845 0.179021 0
    outer loop
      vertex 8.5071 23.2918 3
      vertex 8.43508 23.6876 0
      vertex 8.43508 23.6876 3
    endloop
  endfacet
  facet normal 0.983845 0.179021 0
    outer loop
      vertex 8.43508 23.6876 0
      vertex 8.5071 23.2918 3
      vertex 8.5071 23.2918 0
    endloop
  endfacet
  facet normal 0.178973 -0.983854 0
    outer loop
      vertex 11.569 28.2157 0
      vertex 11.9648 28.2877 3
      vertex 11.569 28.2157 3
    endloop
  endfacet
  facet normal 0.178973 -0.983854 0
    outer loop
      vertex 11.9648 28.2877 3
      vertex 11.569 28.2157 0
      vertex 11.9648 28.2877 0
    endloop
  endfacet
  facet normal -0.999865 0.0164035 0
    outer loop
      vertex 16.5912 23.9546 0
      vertex 16.5978 24.3569 3
      vertex 16.5978 24.3569 0
    endloop
  endfacet
  facet normal -0.999865 0.0164035 0
    outer loop
      vertex 16.5978 24.3569 3
      vertex 16.5912 23.9546 0
      vertex 16.5912 23.9546 3
    endloop
  endfacet
  facet normal 0.456831 -0.889553 0
    outer loop
      vertex 10.45 27.7735 0
      vertex 10.8079 27.9573 3
      vertex 10.45 27.7735 3
    endloop
  endfacet
  facet normal 0.456831 -0.889553 0
    outer loop
      vertex 10.8079 27.9573 3
      vertex 10.45 27.7735 0
      vertex 10.8079 27.9573 0
    endloop
  endfacet
  facet normal -0.569184 -0.82221 0
    outer loop
      vertex 14.6651 27.7045 0
      vertex 14.9959 27.4755 3
      vertex 14.6651 27.7045 3
    endloop
  endfacet
  facet normal -0.569184 -0.82221 -0
    outer loop
      vertex 14.9959 27.4755 3
      vertex 14.6651 27.7045 0
      vertex 14.9959 27.4755 0
    endloop
  endfacet
  facet normal -0.929994 -0.367574 0
    outer loop
      vertex 16.3824 25.5407 0
      vertex 16.2345 25.9149 3
      vertex 16.2345 25.9149 0
    endloop
  endfacet
  facet normal -0.929994 -0.367574 0
    outer loop
      vertex 16.2345 25.9149 3
      vertex 16.3824 25.5407 0
      vertex 16.3824 25.5407 3
    endloop
  endfacet
  facet normal -0.889553 -0.456831 0
    outer loop
      vertex 16.2345 25.9149 0
      vertex 16.0507 26.2728 3
      vertex 16.0507 26.2728 0
    endloop
  endfacet
  facet normal -0.889553 -0.456831 0
    outer loop
      vertex 16.0507 26.2728 3
      vertex 16.2345 25.9149 0
      vertex 16.2345 25.9149 3
    endloop
  endfacet
  facet normal -0.996651 -0.0817701 0
    outer loop
      vertex 16.5978 24.3569 0
      vertex 16.5649 24.7579 3
      vertex 16.5649 24.7579 0
    endloop
  endfacet
  facet normal -0.996651 -0.0817701 0
    outer loop
      vertex 16.5649 24.7579 3
      vertex 16.5978 24.3569 0
      vertex 16.5978 24.3569 3
    endloop
  endfacet
  facet normal 0.977464 -0.2111 0
    outer loop
      vertex 8.45476 24.8906 3
      vertex 8.5397 25.2839 0
      vertex 8.5397 25.2839 3
    endloop
  endfacet
  facet normal 0.977464 -0.2111 0
    outer loop
      vertex 8.5397 25.2839 0
      vertex 8.45476 24.8906 3
      vertex 8.45476 24.8906 0
    endloop
  endfacet
  facet normal -0.977434 -0.211243 0
    outer loop
      vertex 191.545 24.8906 0
      vertex 191.46 25.2839 3
      vertex 191.46 25.2839 0
    endloop
  endfacet
  facet normal -0.977434 -0.211243 0
    outer loop
      vertex 191.46 25.2839 3
      vertex 191.545 24.8906 0
      vertex 191.545 24.8906 3
    endloop
  endfacet
  facet normal -0.961223 0.275771 0
    outer loop
      vertex 191.382 22.9049 0
      vertex 191.493 23.2918 3
      vertex 191.493 23.2918 0
    endloop
  endfacet
  facet normal -0.961223 0.275771 0
    outer loop
      vertex 191.493 23.2918 3
      vertex 191.382 22.9049 0
      vertex 191.382 22.9049 3
    endloop
  endfacet
  facet normal 0.178885 0.98387 -0
    outer loop
      vertex 186.965 20.1579 0
      vertex 186.569 20.2299 3
      vertex 186.965 20.1579 3
    endloop
  endfacet
  facet normal 0.178885 0.98387 0
    outer loop
      vertex 186.569 20.2299 3
      vertex 186.965 20.1579 0
      vertex 186.569 20.2299 0
    endloop
  endfacet
  facet normal 0.983862 -0.178929 0
    outer loop
      vertex 183.435 24.7579 3
      vertex 183.507 25.1538 0
      vertex 183.507 25.1538 3
    endloop
  endfacet
  facet normal 0.983862 -0.178929 0
    outer loop
      vertex 183.507 25.1538 0
      vertex 183.435 24.7579 3
      vertex 183.435 24.7579 0
    endloop
  endfacet
  facet normal -0.889351 0.457224 0
    outer loop
      vertex 191.051 22.1728 0
      vertex 191.235 22.5307 3
      vertex 191.235 22.5307 0
    endloop
  endfacet
  facet normal -0.889351 0.457224 0
    outer loop
      vertex 191.235 22.5307 3
      vertex 191.051 22.1728 0
      vertex 191.051 22.1728 3
    endloop
  endfacet
  facet normal -0.695579 -0.71845 0
    outer loop
      vertex 190.203 27.3053 0
      vertex 190.492 27.0255 3
      vertex 190.203 27.3053 3
    endloop
  endfacet
  facet normal -0.695579 -0.71845 -0
    outer loop
      vertex 190.492 27.0255 3
      vertex 190.203 27.3053 0
      vertex 190.492 27.0255 0
    endloop
  endfacet
  facet normal -0.274557 -0.961571 0
    outer loop
      vertex 188.431 28.2157 0
      vertex 188.818 28.1052 3
      vertex 188.431 28.2157 3
    endloop
  endfacet
  facet normal -0.274557 -0.961571 -0
    outer loop
      vertex 188.818 28.1052 3
      vertex 188.431 28.2157 0
      vertex 188.818 28.1052 0
    endloop
  endfacet
  facet normal 0.761774 0.647843 0
    outer loop
      vertex 184.508 21.42 3
      vertex 184.247 21.7269 0
      vertex 184.247 21.7269 3
    endloop
  endfacet
  facet normal 0.761774 0.647843 0
    outer loop
      vertex 184.247 21.7269 0
      vertex 184.508 21.42 3
      vertex 184.508 21.42 0
    endloop
  endfacet
  facet normal 0.718322 -0.695711 0
    outer loop
      vertex 184.417 26.9261 3
      vertex 184.697 27.2152 0
      vertex 184.697 27.2152 3
    endloop
  endfacet
  facet normal 0.718322 -0.695711 0
    outer loop
      vertex 184.697 27.2152 0
      vertex 184.417 26.9261 3
      vertex 184.417 26.9261 0
    endloop
  endfacet
  facet normal -0.983854 0.178973 0
    outer loop
      vertex 191.493 23.2918 0
      vertex 191.565 23.6876 3
      vertex 191.565 23.6876 0
    endloop
  endfacet
  facet normal -0.983854 0.178973 0
    outer loop
      vertex 191.565 23.6876 3
      vertex 191.493 23.2918 0
      vertex 191.493 23.2918 3
    endloop
  endfacet
  facet normal 0.961223 -0.275771 0
    outer loop
      vertex 183.507 25.1538 3
      vertex 183.618 25.5407 0
      vertex 183.618 25.5407 3
    endloop
  endfacet
  facet normal 0.961223 -0.275771 0
    outer loop
      vertex 183.618 25.5407 0
      vertex 183.507 25.1538 3
      vertex 183.507 25.1538 0
    endloop
  endfacet
  facet normal 0.274557 0.961571 -0
    outer loop
      vertex 186.569 20.2299 0
      vertex 186.182 20.3404 3
      vertex 186.569 20.2299 3
    endloop
  endfacet
  facet normal 0.274557 0.961571 0
    outer loop
      vertex 186.182 20.3404 3
      vertex 186.569 20.2299 0
      vertex 186.182 20.3404 0
    endloop
  endfacet
  facet normal -0.952129 -0.305695 0
    outer loop
      vertex 191.46 25.2839 0
      vertex 191.337 25.667 3
      vertex 191.337 25.667 0
    endloop
  endfacet
  facet normal -0.952129 -0.305695 0
    outer loop
      vertex 191.337 25.667 3
      vertex 191.46 25.2839 0
      vertex 191.46 25.2839 3
    endloop
  endfacet
  facet normal -0.0817701 -0.996651 0
    outer loop
      vertex 187.634 28.3206 0
      vertex 188.035 28.2877 3
      vertex 187.634 28.3206 3
    endloop
  endfacet
  facet normal -0.0817701 -0.996651 -0
    outer loop
      vertex 188.035 28.2877 3
      vertex 187.634 28.3206 0
      vertex 188.035 28.2877 0
    endloop
  endfacet
  facet normal 0.485537 -0.874216 0
    outer loop
      vertex 185.335 27.7045 0
      vertex 185.687 27.9 3
      vertex 185.335 27.7045 3
    endloop
  endfacet
  facet normal 0.485537 -0.874216 0
    outer loop
      vertex 185.687 27.9 3
      vertex 185.335 27.7045 0
      vertex 185.687 27.9 0
    endloop
  endfacet
  facet normal -0.874568 -0.484904 0
    outer loop
      vertex 191.177 26.0362 0
      vertex 190.982 26.3879 3
      vertex 190.982 26.3879 0
    endloop
  endfacet
  facet normal -0.874568 -0.484904 0
    outer loop
      vertex 190.982 26.3879 3
      vertex 191.177 26.0362 0
      vertex 191.177 26.0362 3
    endloop
  endfacet
  facet normal 0.64671 -0.762736 0
    outer loop
      vertex 184.697 27.2152 0
      vertex 185.004 27.4755 3
      vertex 184.697 27.2152 3
    endloop
  endfacet
  facet normal 0.64671 -0.762736 0
    outer loop
      vertex 185.004 27.4755 3
      vertex 184.697 27.2152 0
      vertex 185.004 27.4755 0
    endloop
  endfacet
  facet normal 0.917544 0.397635 0
    outer loop
      vertex 183.823 22.4094 3
      vertex 183.663 22.7786 0
      vertex 183.663 22.7786 3
    endloop
  endfacet
  facet normal 0.917544 0.397635 0
    outer loop
      vertex 183.663 22.7786 0
      vertex 183.823 22.4094 3
      vertex 183.823 22.4094 0
    endloop
  endfacet
  facet normal -0.840516 0.541787 0
    outer loop
      vertex 190.833 21.8346 0
      vertex 191.051 22.1728 3
      vertex 191.051 22.1728 0
    endloop
  endfacet
  facet normal -0.840516 0.541787 0
    outer loop
      vertex 191.051 22.1728 3
      vertex 190.833 21.8346 0
      vertex 190.833 21.8346 3
    endloop
  endfacet
  facet normal -0.996631 0.082017 0
    outer loop
      vertex 191.565 23.6876 0
      vertex 191.598 24.0886 3
      vertex 191.598 24.0886 0
    endloop
  endfacet
  facet normal -0.996631 0.082017 0
    outer loop
      vertex 191.598 24.0886 3
      vertex 191.565 23.6876 0
      vertex 191.565 23.6876 3
    endloop
  endfacet
  facet normal 0.367529 0.930012 -0
    outer loop
      vertex 186.182 20.3404 0
      vertex 185.808 20.4882 3
      vertex 186.182 20.3404 3
    endloop
  endfacet
  facet normal 0.367529 0.930012 0
    outer loop
      vertex 185.808 20.4882 3
      vertex 186.182 20.3404 0
      vertex 185.808 20.4882 0
    endloop
  endfacet
  facet normal -0.917544 -0.397635 0
    outer loop
      vertex 191.337 25.667 0
      vertex 191.177 26.0362 3
      vertex 191.177 26.0362 0
    endloop
  endfacet
  facet normal -0.917544 -0.397635 0
    outer loop
      vertex 191.177 26.0362 3
      vertex 191.337 25.667 0
      vertex 191.337 25.667 3
    endloop
  endfacet
  facet normal -0.485348 0.874321 0
    outer loop
      vertex 189.665 20.741 0
      vertex 189.313 20.5456 3
      vertex 189.665 20.741 3
    endloop
  endfacet
  facet normal -0.485348 0.874321 0
    outer loop
      vertex 189.313 20.5456 3
      vertex 189.665 20.741 0
      vertex 189.313 20.5456 0
    endloop
  endfacet
  facet normal 0.82221 0.569184 0
    outer loop
      vertex 184.247 21.7269 3
      vertex 184.018 22.0577 0
      vertex 184.018 22.0577 3
    endloop
  endfacet
  facet normal 0.82221 0.569184 0
    outer loop
      vertex 184.018 22.0577 0
      vertex 184.247 21.7269 3
      vertex 184.247 21.7269 0
    endloop
  endfacet
  facet normal 0.783481 -0.621416 0
    outer loop
      vertex 184.167 26.6109 3
      vertex 184.417 26.9261 0
      vertex 184.417 26.9261 3
    endloop
  endfacet
  facet normal 0.783481 -0.621416 0
    outer loop
      vertex 184.417 26.9261 0
      vertex 184.167 26.6109 3
      vertex 184.167 26.6109 0
    endloop
  endfacet
  facet normal -0.930758 0.365637 0
    outer loop
      vertex 191.235 22.5307 0
      vertex 191.382 22.9049 3
      vertex 191.382 22.9049 0
    endloop
  endfacet
  facet normal -0.930758 0.365637 0
    outer loop
      vertex 191.382 22.9049 3
      vertex 191.235 22.5307 0
      vertex 191.235 22.5307 3
    endloop
  endfacet
  facet normal 0.114247 -0.993452 0
    outer loop
      vertex 186.832 28.268 0
      vertex 187.232 28.314 3
      vertex 186.832 28.268 3
    endloop
  endfacet
  facet normal 0.114247 -0.993452 0
    outer loop
      vertex 187.232 28.314 3
      vertex 186.832 28.268 0
      vertex 187.232 28.314 0
    endloop
  endfacet
  facet normal 0.0817701 0.996651 -0
    outer loop
      vertex 187.366 20.125 0
      vertex 186.965 20.1579 3
      vertex 187.366 20.125 3
    endloop
  endfacet
  facet normal 0.0817701 0.996651 0
    outer loop
      vertex 186.965 20.1579 3
      vertex 187.366 20.125 0
      vertex 186.965 20.1579 0
    endloop
  endfacet
  facet normal -0.76167 -0.647965 0
    outer loop
      vertex 190.753 26.7187 0
      vertex 190.492 27.0255 3
      vertex 190.492 27.0255 0
    endloop
  endfacet
  facet normal -0.76167 -0.647965 0
    outer loop
      vertex 190.492 27.0255 3
      vertex 190.753 26.7187 0
      vertex 190.753 26.7187 3
    endloop
  endfacet
  facet normal -0.45673 -0.889605 0
    outer loop
      vertex 189.192 27.9573 0
      vertex 189.55 27.7735 3
      vertex 189.192 27.9573 3
    endloop
  endfacet
  facet normal -0.45673 -0.889605 -0
    outer loop
      vertex 189.55 27.7735 3
      vertex 189.192 27.9573 0
      vertex 189.55 27.7735 0
    endloop
  endfacet
  facet normal -0.993443 -0.114332 0
    outer loop
      vertex 191.591 24.4909 0
      vertex 191.545 24.8906 3
      vertex 191.545 24.8906 0
    endloop
  endfacet
  facet normal -0.993443 -0.114332 0
    outer loop
      vertex 191.545 24.8906 3
      vertex 191.591 24.4909 0
      vertex 191.591 24.4909 3
    endloop
  endfacet
  facet normal 0.305993 -0.952034 0
    outer loop
      vertex 186.056 28.06 0
      vertex 186.439 28.1831 3
      vertex 186.056 28.06 3
    endloop
  endfacet
  facet normal 0.305993 -0.952034 0
    outer loop
      vertex 186.439 28.1831 3
      vertex 186.056 28.06 0
      vertex 186.439 28.1831 0
    endloop
  endfacet
  facet normal 0.211159 -0.977452 0
    outer loop
      vertex 186.439 28.1831 0
      vertex 186.832 28.268 3
      vertex 186.439 28.1831 3
    endloop
  endfacet
  facet normal 0.211159 -0.977452 0
    outer loop
      vertex 186.832 28.268 3
      vertex 186.439 28.1831 0
      vertex 186.832 28.268 0
    endloop
  endfacet
  facet normal 0.456927 0.889504 -0
    outer loop
      vertex 185.808 20.4882 0
      vertex 185.45 20.6721 3
      vertex 185.808 20.4882 3
    endloop
  endfacet
  facet normal 0.456927 0.889504 0
    outer loop
      vertex 185.45 20.6721 3
      vertex 185.808 20.4882 0
      vertex 185.45 20.6721 0
    endloop
  endfacet
  facet normal -0.367744 -0.929927 0
    outer loop
      vertex 188.818 28.1052 0
      vertex 189.192 27.9573 3
      vertex 188.818 28.1052 3
    endloop
  endfacet
  facet normal -0.367744 -0.929927 -0
    outer loop
      vertex 189.192 27.9573 3
      vertex 188.818 28.1052 0
      vertex 189.192 27.9573 0
    endloop
  endfacet
  facet normal -0.305993 0.952034 0
    outer loop
      vertex 188.944 20.3856 0
      vertex 188.561 20.2625 3
      vertex 188.944 20.3856 3
    endloop
  endfacet
  facet normal -0.305993 0.952034 0
    outer loop
      vertex 188.561 20.2625 3
      vertex 188.944 20.3856 0
      vertex 188.561 20.2625 0
    endloop
  endfacet
  facet normal -0.64671 0.762736 0
    outer loop
      vertex 190.303 21.2303 0
      vertex 189.996 20.97 3
      vertex 190.303 21.2303 3
    endloop
  endfacet
  facet normal -0.64671 0.762736 0
    outer loop
      vertex 189.996 20.97 3
      vertex 190.303 21.2303 0
      vertex 189.996 20.97 0
    endloop
  endfacet
  facet normal -0.397817 0.917465 0
    outer loop
      vertex 189.313 20.5456 0
      vertex 188.944 20.3856 3
      vertex 189.313 20.5456 3
    endloop
  endfacet
  facet normal -0.397817 0.917465 0
    outer loop
      vertex 188.944 20.3856 3
      vertex 189.313 20.5456 0
      vertex 188.944 20.3856 0
    endloop
  endfacet
  facet normal -0.999849 -0.0173973 0
    outer loop
      vertex 191.598 24.0886 0
      vertex 191.591 24.4909 3
      vertex 191.591 24.4909 0
    endloop
  endfacet
  facet normal -0.999849 -0.0173973 0
    outer loop
      vertex 191.591 24.4909 3
      vertex 191.598 24.0886 0
      vertex 191.598 24.0886 3
    endloop
  endfacet
  facet normal 0.62181 0.783168 -0
    outer loop
      vertex 185.112 20.8901 0
      vertex 184.797 21.1402 3
      vertex 185.112 20.8901 3
    endloop
  endfacet
  facet normal 0.62181 0.783168 0
    outer loop
      vertex 184.797 21.1402 3
      vertex 185.112 20.8901 0
      vertex 184.797 21.1402 0
    endloop
  endfacet
  facet normal -0.114002 0.993481 0
    outer loop
      vertex 188.168 20.1775 0
      vertex 187.768 20.1316 3
      vertex 188.168 20.1775 3
    endloop
  endfacet
  facet normal -0.114002 0.993481 0
    outer loop
      vertex 187.768 20.1316 3
      vertex 188.168 20.1775 0
      vertex 187.768 20.1316 0
    endloop
  endfacet
  facet normal -0.82221 -0.569184 0
    outer loop
      vertex 190.982 26.3879 0
      vertex 190.753 26.7187 3
      vertex 190.753 26.7187 0
    endloop
  endfacet
  facet normal -0.82221 -0.569184 0
    outer loop
      vertex 190.753 26.7187 3
      vertex 190.982 26.3879 0
      vertex 190.982 26.3879 3
    endloop
  endfacet
  facet normal -0.542189 -0.840256 0
    outer loop
      vertex 189.55 27.7735 0
      vertex 189.888 27.5554 3
      vertex 189.55 27.7735 3
    endloop
  endfacet
  facet normal -0.542189 -0.840256 -0
    outer loop
      vertex 189.888 27.5554 3
      vertex 189.55 27.7735 0
      vertex 189.888 27.5554 0
    endloop
  endfacet
  facet normal 0.695579 0.71845 -0
    outer loop
      vertex 184.797 21.1402 0
      vertex 184.508 21.42 3
      vertex 184.797 21.1402 3
    endloop
  endfacet
  facet normal 0.695579 0.71845 0
    outer loop
      vertex 184.508 21.42 3
      vertex 184.797 21.1402 0
      vertex 184.508 21.42 0
    endloop
  endfacet
  facet normal -0.783385 0.621537 0
    outer loop
      vertex 190.583 21.5195 0
      vertex 190.833 21.8346 3
      vertex 190.833 21.8346 0
    endloop
  endfacet
  facet normal -0.783385 0.621537 0
    outer loop
      vertex 190.833 21.8346 3
      vertex 190.583 21.5195 0
      vertex 190.583 21.5195 3
    endloop
  endfacet
  facet normal -0.718442 0.695587 0
    outer loop
      vertex 190.303 21.2303 0
      vertex 190.583 21.5195 3
      vertex 190.583 21.5195 0
    endloop
  endfacet
  facet normal -0.718442 0.695587 0
    outer loop
      vertex 190.583 21.5195 3
      vertex 190.303 21.2303 0
      vertex 190.303 21.2303 3
    endloop
  endfacet
  facet normal 0.996631 -0.082017 0
    outer loop
      vertex 183.402 24.3569 3
      vertex 183.435 24.7579 0
      vertex 183.435 24.7579 3
    endloop
  endfacet
  facet normal 0.996631 -0.082017 0
    outer loop
      vertex 183.435 24.7579 0
      vertex 183.402 24.3569 3
      vertex 183.402 24.3569 0
    endloop
  endfacet
  facet normal -0.62181 -0.783168 0
    outer loop
      vertex 189.888 27.5554 0
      vertex 190.203 27.3053 3
      vertex 189.888 27.5554 3
    endloop
  endfacet
  facet normal -0.62181 -0.783168 -0
    outer loop
      vertex 190.203 27.3053 3
      vertex 189.888 27.5554 0
      vertex 190.203 27.3053 0
    endloop
  endfacet
  facet normal 0.977434 0.211243 0
    outer loop
      vertex 183.54 23.1616 3
      vertex 183.455 23.5549 0
      vertex 183.455 23.5549 3
    endloop
  endfacet
  facet normal 0.977434 0.211243 0
    outer loop
      vertex 183.455 23.5549 0
      vertex 183.54 23.1616 3
      vertex 183.54 23.1616 0
    endloop
  endfacet
  facet normal 0.999849 0.0173973 0
    outer loop
      vertex 183.409 23.9546 3
      vertex 183.402 24.3569 0
      vertex 183.402 24.3569 3
    endloop
  endfacet
  facet normal 0.999849 0.0173973 0
    outer loop
      vertex 183.402 24.3569 0
      vertex 183.409 23.9546 3
      vertex 183.409 23.9546 0
    endloop
  endfacet
  facet normal -0.178885 -0.98387 0
    outer loop
      vertex 188.035 28.2877 0
      vertex 188.431 28.2157 3
      vertex 188.035 28.2877 3
    endloop
  endfacet
  facet normal -0.178885 -0.98387 -0
    outer loop
      vertex 188.431 28.2157 3
      vertex 188.035 28.2877 0
      vertex 188.431 28.2157 0
    endloop
  endfacet
  facet normal 0.874568 0.484904 0
    outer loop
      vertex 184.018 22.0577 3
      vertex 183.823 22.4094 0
      vertex 183.823 22.4094 3
    endloop
  endfacet
  facet normal 0.874568 0.484904 0
    outer loop
      vertex 183.823 22.4094 0
      vertex 184.018 22.0577 3
      vertex 184.018 22.0577 0
    endloop
  endfacet
  facet normal 0.930758 -0.365637 0
    outer loop
      vertex 183.618 25.5407 3
      vertex 183.765 25.9149 0
      vertex 183.765 25.9149 3
    endloop
  endfacet
  facet normal 0.930758 -0.365637 0
    outer loop
      vertex 183.765 25.9149 0
      vertex 183.618 25.5407 3
      vertex 183.618 25.5407 0
    endloop
  endfacet
  facet normal 0.993443 0.114332 0
    outer loop
      vertex 183.455 23.5549 3
      vertex 183.409 23.9546 0
      vertex 183.409 23.9546 3
    endloop
  endfacet
  facet normal 0.993443 0.114332 0
    outer loop
      vertex 183.409 23.9546 0
      vertex 183.455 23.5549 3
      vertex 183.455 23.5549 0
    endloop
  endfacet
  facet normal 0.0164157 -0.999865 0
    outer loop
      vertex 187.232 28.314 0
      vertex 187.634 28.3206 3
      vertex 187.232 28.314 3
    endloop
  endfacet
  facet normal 0.0164157 -0.999865 0
    outer loop
      vertex 187.634 28.3206 3
      vertex 187.232 28.314 0
      vertex 187.634 28.3206 0
    endloop
  endfacet
  facet normal 0.889351 -0.457224 0
    outer loop
      vertex 183.765 25.9149 3
      vertex 183.949 26.2728 0
      vertex 183.949 26.2728 3
    endloop
  endfacet
  facet normal 0.889351 -0.457224 0
    outer loop
      vertex 183.949 26.2728 0
      vertex 183.765 25.9149 3
      vertex 183.765 25.9149 0
    endloop
  endfacet
  facet normal 0.568952 -0.822371 0
    outer loop
      vertex 185.004 27.4755 0
      vertex 185.335 27.7045 3
      vertex 185.004 27.4755 3
    endloop
  endfacet
  facet normal 0.568952 -0.822371 0
    outer loop
      vertex 185.335 27.7045 3
      vertex 185.004 27.4755 0
      vertex 185.335 27.7045 0
    endloop
  endfacet
  facet normal -0.0164157 0.999865 0
    outer loop
      vertex 187.768 20.1316 0
      vertex 187.366 20.125 3
      vertex 187.768 20.1316 3
    endloop
  endfacet
  facet normal -0.0164157 0.999865 0
    outer loop
      vertex 187.366 20.125 3
      vertex 187.768 20.1316 0
      vertex 187.366 20.125 0
    endloop
  endfacet
  facet normal -0.568952 0.822371 0
    outer loop
      vertex 189.996 20.97 0
      vertex 189.665 20.741 3
      vertex 189.996 20.97 3
    endloop
  endfacet
  facet normal -0.568952 0.822371 0
    outer loop
      vertex 189.665 20.741 3
      vertex 189.996 20.97 0
      vertex 189.665 20.741 0
    endloop
  endfacet
  facet normal 0.952106 0.305768 0
    outer loop
      vertex 183.663 22.7786 3
      vertex 183.54 23.1616 0
      vertex 183.54 23.1616 3
    endloop
  endfacet
  facet normal 0.952106 0.305768 0
    outer loop
      vertex 183.54 23.1616 0
      vertex 183.663 22.7786 3
      vertex 183.663 22.7786 0
    endloop
  endfacet
  facet normal 0.397817 -0.917465 0
    outer loop
      vertex 185.687 27.9 0
      vertex 186.056 28.06 3
      vertex 185.687 27.9 3
    endloop
  endfacet
  facet normal 0.397817 -0.917465 0
    outer loop
      vertex 186.056 28.06 3
      vertex 185.687 27.9 0
      vertex 186.056 28.06 0
    endloop
  endfacet
  facet normal 0.542014 0.84037 -0
    outer loop
      vertex 185.45 20.6721 0
      vertex 185.112 20.8901 3
      vertex 185.45 20.6721 3
    endloop
  endfacet
  facet normal 0.542014 0.84037 0
    outer loop
      vertex 185.112 20.8901 3
      vertex 185.45 20.6721 0
      vertex 185.112 20.8901 0
    endloop
  endfacet
  facet normal 0.840443 -0.5419 0
    outer loop
      vertex 183.949 26.2728 3
      vertex 184.167 26.6109 0
      vertex 184.167 26.6109 3
    endloop
  endfacet
  facet normal 0.840443 -0.5419 0
    outer loop
      vertex 184.167 26.6109 0
      vertex 183.949 26.2728 3
      vertex 183.949 26.2728 0
    endloop
  endfacet
  facet normal -0.211397 0.9774 0
    outer loop
      vertex 188.561 20.2625 0
      vertex 188.168 20.1775 3
      vertex 188.561 20.2625 3
    endloop
  endfacet
  facet normal -0.211397 0.9774 0
    outer loop
      vertex 188.168 20.1775 3
      vertex 188.561 20.2625 0
      vertex 188.168 20.1775 0
    endloop
  endfacet
  facet normal 1 -0 0
    outer loop
      vertex 200 116.066 25.6959
      vertex 200 200 0
      vertex 200 200 60
    endloop
  endfacet
  facet normal 1 0 0
    outer loop
      vertex 200 200 0
      vertex 200 116.066 25.6959
      vertex 200 116.1 25
    endloop
  endfacet
  facet normal 1 0 0
    outer loop
      vertex 200 200 60
      vertex 200 115.964 26.3851
      vertex 200 116.066 25.6959
    endloop
  endfacet
  facet normal 1 0 0
    outer loop
      vertex 200 200 60
      vertex 200 115.794 27.061
      vertex 200 115.964 26.3851
    endloop
  endfacet
  facet normal 1 0 0
    outer loop
      vertex 200 200 60
      vertex 200 115.56 27.7171
      vertex 200 115.794 27.061
    endloop
  endfacet
  facet normal 1 0 0
    outer loop
      vertex 200 200 60
      vertex 200 115.262 28.3469
      vertex 200 115.56 27.7171
    endloop
  endfacet
  facet normal 1 0 0
    outer loop
      vertex 200 200 60
      vertex 200 114.903 28.9445
      vertex 200 115.262 28.3469
    endloop
  endfacet
  facet normal 1 0 0
    outer loop
      vertex 200 200 60
      vertex 200 114.488 29.5042
      vertex 200 114.903 28.9445
    endloop
  endfacet
  facet normal 1 0 0
    outer loop
      vertex 200 200 60
      vertex 200 114.02 30.0205
      vertex 200 114.488 29.5042
    endloop
  endfacet
  facet normal 1 0 0
    outer loop
      vertex 200 200 60
      vertex 200 113.504 30.4884
      vertex 200 114.02 30.0205
    endloop
  endfacet
  facet normal 1 0 0
    outer loop
      vertex 200 200 60
      vertex 200 112.945 30.9034
      vertex 200 113.504 30.4884
    endloop
  endfacet
  facet normal 1 0 0
    outer loop
      vertex 200 200 60
      vertex 200 112.347 31.2616
      vertex 200 112.945 30.9034
    endloop
  endfacet
  facet normal 1 0 0
    outer loop
      vertex 200 200 60
      vertex 200 111.717 31.5595
      vertex 200 112.347 31.2616
    endloop
  endfacet
  facet normal 1 0 0
    outer loop
      vertex 200 200 60
      vertex 200 111.061 31.7943
      vertex 200 111.717 31.5595
    endloop
  endfacet
  facet normal 1 0 0
    outer loop
      vertex 200 200 60
      vertex 200 110.385 31.9636
      vertex 200 111.061 31.7943
    endloop
  endfacet
  facet normal 1 0 0
    outer loop
      vertex 200 200 60
      vertex 200 109.696 32.0658
      vertex 200 110.385 31.9636
    endloop
  endfacet
  facet normal 1 0 0
    outer loop
      vertex 200 200 60
      vertex 200 109 32.1
      vertex 200 109.696 32.0658
    endloop
  endfacet
  facet normal 1 0 0
    outer loop
      vertex 200 200 60
      vertex 200 91 32.1
      vertex 200 109 32.1
    endloop
  endfacet
  facet normal 1 -0 0
    outer loop
      vertex 200 0 60
      vertex 200 91 32.1
      vertex 200 200 60
    endloop
  endfacet
  facet normal 1 0 0
    outer loop
      vertex 200 91 32.1
      vertex 200 0 60
      vertex 200 90.3041 32.0658
    endloop
  endfacet
  facet normal 1 0 0
    outer loop
      vertex 200 90.3041 32.0658
      vertex 200 0 60
      vertex 200 89.6149 31.9636
    endloop
  endfacet
  facet normal 1 0 0
    outer loop
      vertex 200 0 0
      vertex 200 83.9342 25.6959
      vertex 200 0 60
    endloop
  endfacet
  facet normal 1 0 0
    outer loop
      vertex 200 84.0364 26.3851
      vertex 200 0 60
      vertex 200 83.9342 25.6959
    endloop
  endfacet
  facet normal 1 0 0
    outer loop
      vertex 200 84.2057 27.061
      vertex 200 0 60
      vertex 200 84.0364 26.3851
    endloop
  endfacet
  facet normal 1 0 0
    outer loop
      vertex 200 84.4405 27.7171
      vertex 200 0 60
      vertex 200 84.2057 27.061
    endloop
  endfacet
  facet normal 1 0 0
    outer loop
      vertex 200 84.7384 28.3469
      vertex 200 0 60
      vertex 200 84.4405 27.7171
    endloop
  endfacet
  facet normal 1 0 0
    outer loop
      vertex 200 85.0966 28.9445
      vertex 200 0 60
      vertex 200 84.7384 28.3469
    endloop
  endfacet
  facet normal 1 0 0
    outer loop
      vertex 200 85.5116 29.5042
      vertex 200 0 60
      vertex 200 85.0966 28.9445
    endloop
  endfacet
  facet normal 1 0 0
    outer loop
      vertex 200 85.9795 30.0205
      vertex 200 0 60
      vertex 200 85.5116 29.5042
    endloop
  endfacet
  facet normal 1 0 0
    outer loop
      vertex 200 86.4958 30.4884
      vertex 200 0 60
      vertex 200 85.9795 30.0205
    endloop
  endfacet
  facet normal 1 0 0
    outer loop
      vertex 200 87.0555 30.9034
      vertex 200 0 60
      vertex 200 86.4958 30.4884
    endloop
  endfacet
  facet normal 1 0 0
    outer loop
      vertex 200 87.6531 31.2616
      vertex 200 0 60
      vertex 200 87.0555 30.9034
    endloop
  endfacet
  facet normal 1 0 0
    outer loop
      vertex 200 88.283 31.5595
      vertex 200 0 60
      vertex 200 87.6531 31.2616
    endloop
  endfacet
  facet normal 1 0 0
    outer loop
      vertex 200 88.939 31.7943
      vertex 200 0 60
      vertex 200 88.283 31.5595
    endloop
  endfacet
  facet normal 1 0 0
    outer loop
      vertex 200 89.6149 31.9636
      vertex 200 0 60
      vertex 200 88.939 31.7943
    endloop
  endfacet
  facet normal 1 -0 0
    outer loop
      vertex 200 116.066 24.3041
      vertex 200 200 0
      vertex 200 116.1 25
    endloop
  endfacet
  facet normal 1 -0 0
    outer loop
      vertex 200 115.964 23.6149
      vertex 200 200 0
      vertex 200 116.066 24.3041
    endloop
  endfacet
  facet normal 1 -0 0
    outer loop
      vertex 200 115.794 22.939
      vertex 200 200 0
      vertex 200 115.964 23.6149
    endloop
  endfacet
  facet normal 1 -0 0
    outer loop
      vertex 200 115.56 22.2829
      vertex 200 200 0
      vertex 200 115.794 22.939
    endloop
  endfacet
  facet normal 1 -0 0
    outer loop
      vertex 200 115.262 21.6531
      vertex 200 200 0
      vertex 200 115.56 22.2829
    endloop
  endfacet
  facet normal 1 -0 0
    outer loop
      vertex 200 114.903 21.0555
      vertex 200 200 0
      vertex 200 115.262 21.6531
    endloop
  endfacet
  facet normal 1 -0 0
    outer loop
      vertex 200 114.488 20.4958
      vertex 200 200 0
      vertex 200 114.903 21.0555
    endloop
  endfacet
  facet normal 1 -0 0
    outer loop
      vertex 200 114.02 19.9795
      vertex 200 200 0
      vertex 200 114.488 20.4958
    endloop
  endfacet
  facet normal 1 -0 0
    outer loop
      vertex 200 113.504 19.5116
      vertex 200 200 0
      vertex 200 114.02 19.9795
    endloop
  endfacet
  facet normal 1 -0 0
    outer loop
      vertex 200 112.945 19.0966
      vertex 200 200 0
      vertex 200 113.504 19.5116
    endloop
  endfacet
  facet normal 1 -0 0
    outer loop
      vertex 200 112.347 18.7384
      vertex 200 200 0
      vertex 200 112.945 19.0966
    endloop
  endfacet
  facet normal 1 -0 0
    outer loop
      vertex 200 111.717 18.4405
      vertex 200 200 0
      vertex 200 112.347 18.7384
    endloop
  endfacet
  facet normal 1 -0 0
    outer loop
      vertex 200 111.061 18.2057
      vertex 200 200 0
      vertex 200 111.717 18.4405
    endloop
  endfacet
  facet normal 1 -0 0
    outer loop
      vertex 200 110.385 18.0364
      vertex 200 200 0
      vertex 200 111.061 18.2057
    endloop
  endfacet
  facet normal 1 -0 0
    outer loop
      vertex 200 109.696 17.9342
      vertex 200 200 0
      vertex 200 110.385 18.0364
    endloop
  endfacet
  facet normal 1 -0 0
    outer loop
      vertex 200 109 17.9
      vertex 200 200 0
      vertex 200 109.696 17.9342
    endloop
  endfacet
  facet normal 1 -0 0
    outer loop
      vertex 200 91 17.9
      vertex 200 200 0
      vertex 200 109 17.9
    endloop
  endfacet
  facet normal 1 0 0
    outer loop
      vertex 200 0 0
      vertex 200 91 17.9
      vertex 200 90.3041 17.9342
    endloop
  endfacet
  facet normal 1 0 0
    outer loop
      vertex 200 0 0
      vertex 200 90.3041 17.9342
      vertex 200 89.6149 18.0364
    endloop
  endfacet
  facet normal 1 0 0
    outer loop
      vertex 200 83.9342 25.6959
      vertex 200 0 0
      vertex 200 83.9 25
    endloop
  endfacet
  facet normal 1 0 0
    outer loop
      vertex 200 83.9 25
      vertex 200 0 0
      vertex 200 83.9342 24.3041
    endloop
  endfacet
  facet normal 1 0 0
    outer loop
      vertex 200 83.9342 24.3041
      vertex 200 0 0
      vertex 200 84.0364 23.6149
    endloop
  endfacet
  facet normal 1 0 0
    outer loop
      vertex 200 84.0364 23.6149
      vertex 200 0 0
      vertex 200 84.2057 22.939
    endloop
  endfacet
  facet normal 1 0 0
    outer loop
      vertex 200 84.2057 22.939
      vertex 200 0 0
      vertex 200 84.4405 22.2829
    endloop
  endfacet
  facet normal 1 0 0
    outer loop
      vertex 200 84.4405 22.2829
      vertex 200 0 0
      vertex 200 84.7384 21.6531
    endloop
  endfacet
  facet normal 1 0 0
    outer loop
      vertex 200 84.7384 21.6531
      vertex 200 0 0
      vertex 200 85.0966 21.0555
    endloop
  endfacet
  facet normal 1 0 0
    outer loop
      vertex 200 85.0966 21.0555
      vertex 200 0 0
      vertex 200 85.5116 20.4958
    endloop
  endfacet
  facet normal 1 0 0
    outer loop
      vertex 200 85.5116 20.4958
      vertex 200 0 0
      vertex 200 85.9795 19.9795
    endloop
  endfacet
  facet normal 1 0 0
    outer loop
      vertex 200 85.9795 19.9795
      vertex 200 0 0
      vertex 200 86.4958 19.5116
    endloop
  endfacet
  facet normal 1 0 0
    outer loop
      vertex 200 86.4958 19.5116
      vertex 200 0 0
      vertex 200 87.0555 19.0966
    endloop
  endfacet
  facet normal 1 0 0
    outer loop
      vertex 200 87.0555 19.0966
      vertex 200 0 0
      vertex 200 87.6531 18.7384
    endloop
  endfacet
  facet normal 1 0 0
    outer loop
      vertex 200 91 17.9
      vertex 200 0 0
      vertex 200 200 0
    endloop
  endfacet
  facet normal 1 0 0
    outer loop
      vertex 200 88.939 18.2057
      vertex 200 0 0
      vertex 200 89.6149 18.0364
    endloop
  endfacet
  facet normal 1 0 0
    outer loop
      vertex 200 88.283 18.4405
      vertex 200 0 0
      vertex 200 88.939 18.2057
    endloop
  endfacet
  facet normal 1 0 0
    outer loop
      vertex 200 87.6531 18.7384
      vertex 200 0 0
      vertex 200 88.283 18.4405
    endloop
  endfacet
  facet normal 0 0 1
    outer loop
      vertex 200 200 60
      vertex 197 197 60
      vertex 200 0 60
    endloop
  endfacet
  facet normal 0 0 1
    outer loop
      vertex 200 200 60
      vertex 3 197 60
      vertex 197 197 60
    endloop
  endfacet
  facet normal 0 0 1
    outer loop
      vertex 3 197 60
      vertex 0 200 60
      vertex 3 3 60
    endloop
  endfacet
  facet normal -0 0 1
    outer loop
      vertex 0 200 60
      vertex 3 197 60
      vertex 200 200 60
    endloop
  endfacet
  facet normal -0 0 1
    outer loop
      vertex 197 3 60
      vertex 200 0 60
      vertex 197 197 60
    endloop
  endfacet
  facet normal -0 0 1
    outer loop
      vertex 3 3 60
      vertex 200 0 60
      vertex 197 3 60
    endloop
  endfacet
  facet normal 0 0 1
    outer loop
      vertex 3 3 60
      vertex 0 0 60
      vertex 200 0 60
    endloop
  endfacet
  facet normal 0 0 1
    outer loop
      vertex 0 0 60
      vertex 3 3 60
      vertex 0 200 60
    endloop
  endfacet
  facet normal 0 0 -1
    outer loop
      vertex 200 200 0
      vertex 104.08 175.375 0
      vertex 104.1 175.777 0
    endloop
  endfacet
  facet normal 0 0 -1
    outer loop
      vertex 104.821 80.6158 0
      vertex 104.021 174.977 0
      vertex 104.08 175.375 0
    endloop
  endfacet
  facet normal 0 0 -1
    outer loop
      vertex 104.821 80.6158 0
      vertex 103.923 174.587 0
      vertex 104.021 174.977 0
    endloop
  endfacet
  facet normal 0 0 -1
    outer loop
      vertex 104.821 80.6158 0
      vertex 103.788 174.208 0
      vertex 103.923 174.587 0
    endloop
  endfacet
  facet normal 0 0 -1
    outer loop
      vertex 104.821 80.6158 0
      vertex 103.616 173.844 0
      vertex 103.788 174.208 0
    endloop
  endfacet
  facet normal 0 0 -1
    outer loop
      vertex 102.278 172.368 0
      vertex 104.222 81.0601 0
      vertex 103.583 81.4435 0
    endloop
  endfacet
  facet normal 0 0 -1
    outer loop
      vertex 104.821 80.6158 0
      vertex 103.409 173.499 0
      vertex 103.616 173.844 0
    endloop
  endfacet
  facet normal 0 0 -1
    outer loop
      vertex 104.821 80.6158 0
      vertex 103.169 173.176 0
      vertex 103.409 173.499 0
    endloop
  endfacet
  facet normal 0 0 -1
    outer loop
      vertex 101.933 172.161 0
      vertex 103.583 81.4435 0
      vertex 102.908 81.7624 0
    endloop
  endfacet
  facet normal 0 0 -1
    outer loop
      vertex 104.821 80.6158 0
      vertex 102.899 172.878 0
      vertex 103.169 173.176 0
    endloop
  endfacet
  facet normal 0 0 -1
    outer loop
      vertex 104.821 80.6158 0
      vertex 102.601 172.608 0
      vertex 102.899 172.878 0
    endloop
  endfacet
  facet normal 0 0 -1
    outer loop
      vertex 104.222 81.0601 0
      vertex 102.278 172.368 0
      vertex 102.601 172.608 0
    endloop
  endfacet
  facet normal 0 0 -1
    outer loop
      vertex 101.569 171.989 0
      vertex 102.908 81.7624 0
      vertex 102.206 82.0137 0
    endloop
  endfacet
  facet normal 0 0 -1
    outer loop
      vertex 103.583 81.4435 0
      vertex 101.933 172.161 0
      vertex 102.278 172.368 0
    endloop
  endfacet
  facet normal 0 0 -1
    outer loop
      vertex 102.908 81.7624 0
      vertex 101.569 171.989 0
      vertex 101.933 172.161 0
    endloop
  endfacet
  facet normal 0 0 -1
    outer loop
      vertex 101.19 171.854 0
      vertex 102.206 82.0137 0
      vertex 101.483 82.1949 0
    endloop
  endfacet
  facet normal 0 0 -1
    outer loop
      vertex 102.206 82.0137 0
      vertex 101.19 171.854 0
      vertex 101.569 171.989 0
    endloop
  endfacet
  facet normal 0 0 -1
    outer loop
      vertex 101.483 82.1949 0
      vertex 100.8 171.756 0
      vertex 101.19 171.854 0
    endloop
  endfacet
  facet normal 0 0 -1
    outer loop
      vertex 100.745 82.3043 0
      vertex 100.8 171.756 0
      vertex 101.483 82.1949 0
    endloop
  endfacet
  facet normal 0 0 -1
    outer loop
      vertex 100.745 82.3043 0
      vertex 100.402 171.697 0
      vertex 100.8 171.756 0
    endloop
  endfacet
  facet normal 0 0 -1
    outer loop
      vertex 100 82.3409 0
      vertex 100.402 171.697 0
      vertex 100.745 82.3043 0
    endloop
  endfacet
  facet normal 0 0 -1
    outer loop
      vertex 100 82.3409 0
      vertex 100 171.677 0
      vertex 100.402 171.697 0
    endloop
  endfacet
  facet normal 0 0 -1
    outer loop
      vertex 100 82.3409 0
      vertex 99.5981 171.697 0
      vertex 100 171.677 0
    endloop
  endfacet
  facet normal 0 0 -1
    outer loop
      vertex 99.2551 82.3043 0
      vertex 99.5981 171.697 0
      vertex 100 82.3409 0
    endloop
  endfacet
  facet normal 0 0 -1
    outer loop
      vertex 99.2551 82.3043 0
      vertex 99.2001 171.756 0
      vertex 99.5981 171.697 0
    endloop
  endfacet
  facet normal 0 0 -1
    outer loop
      vertex 98.5173 82.1949 0
      vertex 99.2001 171.756 0
      vertex 99.2551 82.3043 0
    endloop
  endfacet
  facet normal -0 0 -1
    outer loop
      vertex 99.2001 171.756 0
      vertex 98.5173 82.1949 0
      vertex 98.8098 171.854 0
    endloop
  endfacet
  facet normal 0 0 -1
    outer loop
      vertex 97.7938 82.0137 0
      vertex 98.8098 171.854 0
      vertex 98.5173 82.1949 0
    endloop
  endfacet
  facet normal -0 0 -1
    outer loop
      vertex 98.8098 171.854 0
      vertex 97.7938 82.0137 0
      vertex 98.431 171.989 0
    endloop
  endfacet
  facet normal 0 0 -1
    outer loop
      vertex 97.0916 81.7624 0
      vertex 98.431 171.989 0
      vertex 97.7938 82.0137 0
    endloop
  endfacet
  facet normal -0 0 -1
    outer loop
      vertex 98.431 171.989 0
      vertex 97.0916 81.7624 0
      vertex 98.0673 172.161 0
    endloop
  endfacet
  facet normal 0 0 -1
    outer loop
      vertex 96.4174 81.4435 0
      vertex 98.0673 172.161 0
      vertex 97.0916 81.7624 0
    endloop
  endfacet
  facet normal -0 0 -1
    outer loop
      vertex 98.0673 172.161 0
      vertex 96.4174 81.4435 0
      vertex 97.7222 172.368 0
    endloop
  endfacet
  facet normal 0 0 -1
    outer loop
      vertex 95.7777 81.0601 0
      vertex 97.7222 172.368 0
      vertex 96.4174 81.4435 0
    endloop
  endfacet
  facet normal -0 0 -1
    outer loop
      vertex 97.7222 172.368 0
      vertex 95.7777 81.0601 0
      vertex 97.399 172.608 0
    endloop
  endfacet
  facet normal 0 0 -1
    outer loop
      vertex 95.1786 80.6158 0
      vertex 97.399 172.608 0
      vertex 95.7777 81.0601 0
    endloop
  endfacet
  facet normal -0 0 -1
    outer loop
      vertex 97.399 172.608 0
      vertex 95.1786 80.6158 0
      vertex 97.1009 172.878 0
    endloop
  endfacet
  facet normal 0 0 -1
    outer loop
      vertex 94.626 80.1149 0
      vertex 97.1009 172.878 0
      vertex 95.1786 80.6158 0
    endloop
  endfacet
  facet normal -0 0 -1
    outer loop
      vertex 97.1009 172.878 0
      vertex 94.626 80.1149 0
      vertex 96.8307 173.176 0
    endloop
  endfacet
  facet normal 0 0 -1
    outer loop
      vertex 94.1251 79.5623 0
      vertex 96.8307 173.176 0
      vertex 94.626 80.1149 0
    endloop
  endfacet
  facet normal -0 0 -1
    outer loop
      vertex 96.8307 173.176 0
      vertex 94.1251 79.5623 0
      vertex 96.591 173.499 0
    endloop
  endfacet
  facet normal 0 0 -1
    outer loop
      vertex 0 200 0
      vertex 96.591 173.499 0
      vertex 94.1251 79.5623 0
    endloop
  endfacet
  facet normal 0 0 -1
    outer loop
      vertex 96.591 173.499 0
      vertex 0 200 0
      vertex 96.3841 173.844 0
    endloop
  endfacet
  facet normal 0 0 -1
    outer loop
      vertex 96.3841 173.844 0
      vertex 0 200 0
      vertex 96.2121 174.208 0
    endloop
  endfacet
  facet normal 0 0 -1
    outer loop
      vertex 191.591 24.4909 0
      vertex 200 0 0
      vertex 191.598 24.0886 0
    endloop
  endfacet
  facet normal 0 0 -1
    outer loop
      vertex 200 0 0
      vertex 191.565 23.6876 0
      vertex 191.598 24.0886 0
    endloop
  endfacet
  facet normal 0 0 -1
    outer loop
      vertex 200 0 0
      vertex 191.493 23.2918 0
      vertex 191.565 23.6876 0
    endloop
  endfacet
  facet normal 0 0 -1
    outer loop
      vertex 200 0 0
      vertex 191.382 22.9049 0
      vertex 191.493 23.2918 0
    endloop
  endfacet
  facet normal 0 0 -1
    outer loop
      vertex 200 0 0
      vertex 191.235 22.5307 0
      vertex 191.382 22.9049 0
    endloop
  endfacet
  facet normal 0 0 -1
    outer loop
      vertex 200 0 0
      vertex 191.051 22.1728 0
      vertex 191.235 22.5307 0
    endloop
  endfacet
  facet normal 0 0 -1
    outer loop
      vertex 200 0 0
      vertex 190.833 21.8346 0
      vertex 191.051 22.1728 0
    endloop
  endfacet
  facet normal 0 0 -1
    outer loop
      vertex 200 0 0
      vertex 190.583 21.5195 0
      vertex 190.833 21.8346 0
    endloop
  endfacet
  facet normal 0 0 -1
    outer loop
      vertex 200 0 0
      vertex 190.303 21.2303 0
      vertex 190.583 21.5195 0
    endloop
  endfacet
  facet normal 0 0 -1
    outer loop
      vertex 200 0 0
      vertex 189.996 20.97 0
      vertex 190.303 21.2303 0
    endloop
  endfacet
  facet normal 0 0 -1
    outer loop
      vertex 200 0 0
      vertex 189.665 20.741 0
      vertex 189.996 20.97 0
    endloop
  endfacet
  facet normal 0 0 -1
    outer loop
      vertex 200 0 0
      vertex 189.313 20.5456 0
      vertex 189.665 20.741 0
    endloop
  endfacet
  facet normal 0 0 -1
    outer loop
      vertex 200 0 0
      vertex 188.944 20.3856 0
      vertex 189.313 20.5456 0
    endloop
  endfacet
  facet normal 0 0 -1
    outer loop
      vertex 200 0 0
      vertex 188.561 20.2625 0
      vertex 188.944 20.3856 0
    endloop
  endfacet
  facet normal 0 0 -1
    outer loop
      vertex 200 0 0
      vertex 188.168 20.1775 0
      vertex 188.561 20.2625 0
    endloop
  endfacet
  facet normal 0 0 -1
    outer loop
      vertex 200 0 0
      vertex 187.768 20.1316 0
      vertex 188.168 20.1775 0
    endloop
  endfacet
  facet normal 0 0 -1
    outer loop
      vertex 200 0 0
      vertex 187.366 20.125 0
      vertex 187.768 20.1316 0
    endloop
  endfacet
  facet normal 0 0 -1
    outer loop
      vertex 200 0 0
      vertex 186.965 20.1579 0
      vertex 187.366 20.125 0
    endloop
  endfacet
  facet normal 0 0 -1
    outer loop
      vertex 200 0 0
      vertex 186.569 20.2299 0
      vertex 186.965 20.1579 0
    endloop
  endfacet
  facet normal 0 0 -1
    outer loop
      vertex 200 0 0
      vertex 186.182 20.3404 0
      vertex 186.569 20.2299 0
    endloop
  endfacet
  facet normal 0 0 -1
    outer loop
      vertex 200 0 0
      vertex 185.808 20.4882 0
      vertex 186.182 20.3404 0
    endloop
  endfacet
  facet normal 0 0 -1
    outer loop
      vertex 200 0 0
      vertex 185.45 20.6721 0
      vertex 185.808 20.4882 0
    endloop
  endfacet
  facet normal 0 0 -1
    outer loop
      vertex 200 0 0
      vertex 185.112 20.8901 0
      vertex 185.45 20.6721 0
    endloop
  endfacet
  facet normal 0 0 -1
    outer loop
      vertex 200 0 0
      vertex 184.797 21.1402 0
      vertex 185.112 20.8901 0
    endloop
  endfacet
  facet normal 0 0 -1
    outer loop
      vertex 200 0 0
      vertex 184.508 21.42 0
      vertex 184.797 21.1402 0
    endloop
  endfacet
  facet normal 0 0 -1
    outer loop
      vertex 15.4924 21.42 0
      vertex 184.508 21.42 0
      vertex 200 0 0
    endloop
  endfacet
  facet normal 0 0 -1
    outer loop
      vertex 104.222 68.4218 0
      vertex 183.402 24.3569 0
      vertex 183.409 23.9546 0
    endloop
  endfacet
  facet normal 0 0 -1
    outer loop
      vertex 103.583 68.0383 0
      vertex 183.409 23.9546 0
      vertex 183.455 23.5549 0
    endloop
  endfacet
  facet normal 0 0 -1
    outer loop
      vertex 102.908 67.7194 0
      vertex 183.455 23.5549 0
      vertex 183.54 23.1616 0
    endloop
  endfacet
  facet normal 0 0 -1
    outer loop
      vertex 102.206 67.4682 0
      vertex 183.54 23.1616 0
      vertex 183.663 22.7786 0
    endloop
  endfacet
  facet normal 0 0 -1
    outer loop
      vertex 101.483 67.287 0
      vertex 183.663 22.7786 0
      vertex 183.823 22.4094 0
    endloop
  endfacet
  facet normal 0 0 -1
    outer loop
      vertex 100.745 67.1775 0
      vertex 183.823 22.4094 0
      vertex 184.018 22.0577 0
    endloop
  endfacet
  facet normal 0 0 -1
    outer loop
      vertex 15.9817 22.0577 0
      vertex 184.018 22.0577 0
      vertex 184.247 21.7269 0
    endloop
  endfacet
  facet normal 0 0 -1
    outer loop
      vertex 184.508 21.42 0
      vertex 15.4924 21.42 0
      vertex 184.247 21.7269 0
    endloop
  endfacet
  facet normal 0 0 -1
    outer loop
      vertex 183.402 24.3569 0
      vertex 107.563 73.996 0
      vertex 107.6 74.7409 0
    endloop
  endfacet
  facet normal 0 0 -1
    outer loop
      vertex 183.402 24.3569 0
      vertex 107.454 73.2582 0
      vertex 107.563 73.996 0
    endloop
  endfacet
  facet normal 0 0 -1
    outer loop
      vertex 183.402 24.3569 0
      vertex 107.273 72.5348 0
      vertex 107.454 73.2582 0
    endloop
  endfacet
  facet normal 0 0 -1
    outer loop
      vertex 183.402 24.3569 0
      vertex 107.021 71.8325 0
      vertex 107.273 72.5348 0
    endloop
  endfacet
  facet normal 0 0 -1
    outer loop
      vertex 183.402 24.3569 0
      vertex 106.703 71.1583 0
      vertex 107.021 71.8325 0
    endloop
  endfacet
  facet normal 0 0 -1
    outer loop
      vertex 183.402 24.3569 0
      vertex 106.319 70.5186 0
      vertex 106.703 71.1583 0
    endloop
  endfacet
  facet normal 0 0 -1
    outer loop
      vertex 183.402 24.3569 0
      vertex 105.875 69.9195 0
      vertex 106.319 70.5186 0
    endloop
  endfacet
  facet normal 0 0 -1
    outer loop
      vertex 183.402 24.3569 0
      vertex 105.374 69.3669 0
      vertex 105.875 69.9195 0
    endloop
  endfacet
  facet normal 0 0 -1
    outer loop
      vertex 183.402 24.3569 0
      vertex 104.821 68.866 0
      vertex 105.374 69.3669 0
    endloop
  endfacet
  facet normal 0 0 -1
    outer loop
      vertex 183.402 24.3569 0
      vertex 104.222 68.4218 0
      vertex 104.821 68.866 0
    endloop
  endfacet
  facet normal 0 0 -1
    outer loop
      vertex 183.409 23.9546 0
      vertex 103.583 68.0383 0
      vertex 104.222 68.4218 0
    endloop
  endfacet
  facet normal 0 0 -1
    outer loop
      vertex 183.455 23.5549 0
      vertex 102.908 67.7194 0
      vertex 103.583 68.0383 0
    endloop
  endfacet
  facet normal 0 0 -1
    outer loop
      vertex 183.54 23.1616 0
      vertex 102.206 67.4682 0
      vertex 102.908 67.7194 0
    endloop
  endfacet
  facet normal 0 0 -1
    outer loop
      vertex 183.663 22.7786 0
      vertex 101.483 67.287 0
      vertex 102.206 67.4682 0
    endloop
  endfacet
  facet normal 0 0 -1
    outer loop
      vertex 183.823 22.4094 0
      vertex 100.745 67.1775 0
      vertex 101.483 67.287 0
    endloop
  endfacet
  facet normal 0 0 -1
    outer loop
      vertex 184.018 22.0577 0
      vertex 100 67.1409 0
      vertex 100.745 67.1775 0
    endloop
  endfacet
  facet normal 0 0 -1
    outer loop
      vertex 184.018 22.0577 0
      vertex 15.9817 22.0577 0
      vertex 100 67.1409 0
    endloop
  endfacet
  facet normal -0 0 -1
    outer loop
      vertex 100 67.1409 0
      vertex 15.9817 22.0577 0
      vertex 99.2551 67.1775 0
    endloop
  endfacet
  facet normal 0 -0 -1
    outer loop
      vertex 16.1772 22.4094 0
      vertex 99.2551 67.1775 0
      vertex 15.9817 22.0577 0
    endloop
  endfacet
  facet normal -0 0 -1
    outer loop
      vertex 99.2551 67.1775 0
      vertex 16.1772 22.4094 0
      vertex 98.5173 67.287 0
    endloop
  endfacet
  facet normal 0 -0 -1
    outer loop
      vertex 16.3372 22.7786 0
      vertex 98.5173 67.287 0
      vertex 16.1772 22.4094 0
    endloop
  endfacet
  facet normal -0 0 -1
    outer loop
      vertex 98.5173 67.287 0
      vertex 16.3372 22.7786 0
      vertex 97.7938 67.4682 0
    endloop
  endfacet
  facet normal -0 0 -1
    outer loop
      vertex 93.6808 70.5186 0
      vertex 16.0507 26.2728 0
      vertex 93.2974 71.1583 0
    endloop
  endfacet
  facet normal 0 0 -1
    outer loop
      vertex 16.0507 26.2728 0
      vertex 93.6808 70.5186 0
      vertex 16.2345 25.9149 0
    endloop
  endfacet
  facet normal -0 0 -1
    outer loop
      vertex 94.1251 69.9195 0
      vertex 16.2345 25.9149 0
      vertex 93.6808 70.5186 0
    endloop
  endfacet
  facet normal 0 0 -1
    outer loop
      vertex 16.2345 25.9149 0
      vertex 94.1251 69.9195 0
      vertex 16.3824 25.5407 0
    endloop
  endfacet
  facet normal -0 0 -1
    outer loop
      vertex 94.626 69.3669 0
      vertex 16.3824 25.5407 0
      vertex 94.1251 69.9195 0
    endloop
  endfacet
  facet normal 0 0 -1
    outer loop
      vertex 16.3824 25.5407 0
      vertex 94.626 69.3669 0
      vertex 16.4929 25.1538 0
    endloop
  endfacet
  facet normal -0 0 -1
    outer loop
      vertex 95.1786 68.866 0
      vertex 16.4929 25.1538 0
      vertex 94.626 69.3669 0
    endloop
  endfacet
  facet normal 0 0 -1
    outer loop
      vertex 16.4929 25.1538 0
      vertex 95.1786 68.866 0
      vertex 16.5649 24.7579 0
    endloop
  endfacet
  facet normal 0 0 -1
    outer loop
      vertex 16.5649 24.7579 0
      vertex 95.1786 68.866 0
      vertex 16.5978 24.3569 0
    endloop
  endfacet
  facet normal -0 0 -1
    outer loop
      vertex 95.7777 68.4218 0
      vertex 16.5978 24.3569 0
      vertex 95.1786 68.866 0
    endloop
  endfacet
  facet normal 0 -0 -1
    outer loop
      vertex 16.4603 23.1616 0
      vertex 97.7938 67.4682 0
      vertex 16.3372 22.7786 0
    endloop
  endfacet
  facet normal 0 0 -1
    outer loop
      vertex 95.7777 68.4218 0
      vertex 16.5912 23.9546 0
      vertex 16.5978 24.3569 0
    endloop
  endfacet
  facet normal -0 0 -1
    outer loop
      vertex 96.4174 68.0383 0
      vertex 16.5912 23.9546 0
      vertex 95.7777 68.4218 0
    endloop
  endfacet
  facet normal 0 -0 -1
    outer loop
      vertex 16.5912 23.9546 0
      vertex 96.4174 68.0383 0
      vertex 16.5452 23.5549 0
    endloop
  endfacet
  facet normal -0 0 -1
    outer loop
      vertex 97.0916 67.7194 0
      vertex 16.5452 23.5549 0
      vertex 96.4174 68.0383 0
    endloop
  endfacet
  facet normal 0 -0 -1
    outer loop
      vertex 16.5452 23.5549 0
      vertex 97.0916 67.7194 0
      vertex 16.4603 23.1616 0
    endloop
  endfacet
  facet normal -0 0 -1
    outer loop
      vertex 97.7938 67.4682 0
      vertex 16.4603 23.1616 0
      vertex 97.0916 67.7194 0
    endloop
  endfacet
  facet normal 0 0 -1
    outer loop
      vertex 184.247 21.7269 0
      vertex 15.7527 21.7269 0
      vertex 15.9817 22.0577 0
    endloop
  endfacet
  facet normal -0 0 -1
    outer loop
      vertex 184.247 21.7269 0
      vertex 15.4924 21.42 0
      vertex 15.7527 21.7269 0
    endloop
  endfacet
  facet normal 0 0 -1
    outer loop
      vertex 0 0 0
      vertex 15.4924 21.42 0
      vertex 200 0 0
    endloop
  endfacet
  facet normal 0 0 -1
    outer loop
      vertex 15.4924 21.42 0
      vertex 0 0 0
      vertex 15.2033 21.1402 0
    endloop
  endfacet
  facet normal 0 0 -1
    outer loop
      vertex 15.2033 21.1402 0
      vertex 0 0 0
      vertex 14.8882 20.8901 0
    endloop
  endfacet
  facet normal 0 0 -1
    outer loop
      vertex 14.8882 20.8901 0
      vertex 0 0 0
      vertex 14.55 20.6721 0
    endloop
  endfacet
  facet normal 0 0 -1
    outer loop
      vertex 14.55 20.6721 0
      vertex 0 0 0
      vertex 14.1921 20.4882 0
    endloop
  endfacet
  facet normal 0 0 -1
    outer loop
      vertex 14.1921 20.4882 0
      vertex 0 0 0
      vertex 13.8179 20.3404 0
    endloop
  endfacet
  facet normal 0 0 -1
    outer loop
      vertex 13.8179 20.3404 0
      vertex 0 0 0
      vertex 13.431 20.2299 0
    endloop
  endfacet
  facet normal 0 0 -1
    outer loop
      vertex 13.431 20.2299 0
      vertex 0 0 0
      vertex 13.0352 20.1579 0
    endloop
  endfacet
  facet normal 0 0 -1
    outer loop
      vertex 13.0352 20.1579 0
      vertex 0 0 0
      vertex 12.6341 20.125 0
    endloop
  endfacet
  facet normal -0 0 -1
    outer loop
      vertex 8.43508 23.6876 0
      vertex 0 0 0
      vertex 8.4022 24.0886 0
    endloop
  endfacet
  facet normal -0 0 -1
    outer loop
      vertex 8.5071 23.2918 0
      vertex 0 0 0
      vertex 8.43508 23.6876 0
    endloop
  endfacet
  facet normal -0 0 -1
    outer loop
      vertex 8.61759 22.9049 0
      vertex 0 0 0
      vertex 8.5071 23.2918 0
    endloop
  endfacet
  facet normal -0 0 -1
    outer loop
      vertex 8.76546 22.5307 0
      vertex 0 0 0
      vertex 8.61759 22.9049 0
    endloop
  endfacet
  facet normal -0 0 -1
    outer loop
      vertex 8.9493 22.1728 0
      vertex 0 0 0
      vertex 8.76546 22.5307 0
    endloop
  endfacet
  facet normal -0 0 -1
    outer loop
      vertex 9.16733 21.8346 0
      vertex 0 0 0
      vertex 8.9493 22.1728 0
    endloop
  endfacet
  facet normal -0 0 -1
    outer loop
      vertex 9.41746 21.5195 0
      vertex 0 0 0
      vertex 9.16733 21.8346 0
    endloop
  endfacet
  facet normal -0 0 -1
    outer loop
      vertex 9.69727 21.2303 0
      vertex 0 0 0
      vertex 9.41746 21.5195 0
    endloop
  endfacet
  facet normal -0 0 -1
    outer loop
      vertex 10.0041 20.97 0
      vertex 0 0 0
      vertex 9.69727 21.2303 0
    endloop
  endfacet
  facet normal -0 0 -1
    outer loop
      vertex 10.3349 20.741 0
      vertex 0 0 0
      vertex 10.0041 20.97 0
    endloop
  endfacet
  facet normal -0 0 -1
    outer loop
      vertex 10.6866 20.5456 0
      vertex 0 0 0
      vertex 10.3349 20.741 0
    endloop
  endfacet
  facet normal -0 0 -1
    outer loop
      vertex 11.0558 20.3856 0
      vertex 0 0 0
      vertex 10.6866 20.5456 0
    endloop
  endfacet
  facet normal -0 0 -1
    outer loop
      vertex 11.4388 20.2625 0
      vertex 0 0 0
      vertex 11.0558 20.3856 0
    endloop
  endfacet
  facet normal -0 0 -1
    outer loop
      vertex 11.8321 20.1775 0
      vertex 0 0 0
      vertex 11.4388 20.2625 0
    endloop
  endfacet
  facet normal -0 0 -1
    outer loop
      vertex 12.2318 20.1316 0
      vertex 0 0 0
      vertex 11.8321 20.1775 0
    endloop
  endfacet
  facet normal -0 0 -1
    outer loop
      vertex 12.6341 20.125 0
      vertex 0 0 0
      vertex 12.2318 20.1316 0
    endloop
  endfacet
  facet normal 0 0 -1
    outer loop
      vertex 191.545 24.8906 0
      vertex 200 0 0
      vertex 191.591 24.4909 0
    endloop
  endfacet
  facet normal 0 0 -1
    outer loop
      vertex 191.46 25.2839 0
      vertex 200 0 0
      vertex 191.545 24.8906 0
    endloop
  endfacet
  facet normal 0 0 -1
    outer loop
      vertex 200 0 0
      vertex 191.46 25.2839 0
      vertex 200 200 0
    endloop
  endfacet
  facet normal 0 0 -1
    outer loop
      vertex 191.337 25.667 0
      vertex 200 200 0
      vertex 191.46 25.2839 0
    endloop
  endfacet
  facet normal 0 0 -1
    outer loop
      vertex 191.177 26.0362 0
      vertex 200 200 0
      vertex 191.337 25.667 0
    endloop
  endfacet
  facet normal 0 0 -1
    outer loop
      vertex 190.982 26.3879 0
      vertex 200 200 0
      vertex 191.177 26.0362 0
    endloop
  endfacet
  facet normal 0 0 -1
    outer loop
      vertex 190.753 26.7187 0
      vertex 200 200 0
      vertex 190.982 26.3879 0
    endloop
  endfacet
  facet normal 0 0 -1
    outer loop
      vertex 190.492 27.0255 0
      vertex 200 200 0
      vertex 190.753 26.7187 0
    endloop
  endfacet
  facet normal 0 0 -1
    outer loop
      vertex 190.203 27.3053 0
      vertex 200 200 0
      vertex 190.492 27.0255 0
    endloop
  endfacet
  facet normal 0 0 -1
    outer loop
      vertex 189.888 27.5554 0
      vertex 200 200 0
      vertex 190.203 27.3053 0
    endloop
  endfacet
  facet normal 0 0 -1
    outer loop
      vertex 189.55 27.7735 0
      vertex 200 200 0
      vertex 189.888 27.5554 0
    endloop
  endfacet
  facet normal 0 0 -1
    outer loop
      vertex 189.192 27.9573 0
      vertex 200 200 0
      vertex 189.55 27.7735 0
    endloop
  endfacet
  facet normal 0 0 -1
    outer loop
      vertex 188.818 28.1052 0
      vertex 200 200 0
      vertex 189.192 27.9573 0
    endloop
  endfacet
  facet normal 0 0 -1
    outer loop
      vertex 188.431 28.2157 0
      vertex 200 200 0
      vertex 188.818 28.1052 0
    endloop
  endfacet
  facet normal 0 0 -1
    outer loop
      vertex 188.035 28.2877 0
      vertex 200 200 0
      vertex 188.431 28.2157 0
    endloop
  endfacet
  facet normal 0 0 -1
    outer loop
      vertex 187.634 28.3206 0
      vertex 200 200 0
      vertex 188.035 28.2877 0
    endloop
  endfacet
  facet normal 0 0 -1
    outer loop
      vertex 187.232 28.314 0
      vertex 200 200 0
      vertex 187.634 28.3206 0
    endloop
  endfacet
  facet normal 0 0 -1
    outer loop
      vertex 107.021 77.6493 0
      vertex 187.232 28.314 0
      vertex 186.832 28.268 0
    endloop
  endfacet
  facet normal 0 0 -1
    outer loop
      vertex 107.273 76.9471 0
      vertex 186.832 28.268 0
      vertex 186.439 28.1831 0
    endloop
  endfacet
  facet normal 0 0 -1
    outer loop
      vertex 107.454 76.2236 0
      vertex 186.439 28.1831 0
      vertex 186.056 28.06 0
    endloop
  endfacet
  facet normal 0 0 -1
    outer loop
      vertex 107.563 75.4859 0
      vertex 186.056 28.06 0
      vertex 185.687 27.9 0
    endloop
  endfacet
  facet normal 0 0 -1
    outer loop
      vertex 107.6 74.7409 0
      vertex 185.687 27.9 0
      vertex 185.335 27.7045 0
    endloop
  endfacet
  facet normal 0 0 -1
    outer loop
      vertex 107.6 74.7409 0
      vertex 185.335 27.7045 0
      vertex 185.004 27.4755 0
    endloop
  endfacet
  facet normal 0 0 -1
    outer loop
      vertex 107.6 74.7409 0
      vertex 185.004 27.4755 0
      vertex 184.697 27.2152 0
    endloop
  endfacet
  facet normal 0 0 -1
    outer loop
      vertex 107.6 74.7409 0
      vertex 184.697 27.2152 0
      vertex 184.417 26.9261 0
    endloop
  endfacet
  facet normal 0 0 -1
    outer loop
      vertex 107.6 74.7409 0
      vertex 184.417 26.9261 0
      vertex 184.167 26.6109 0
    endloop
  endfacet
  facet normal 0 0 -1
    outer loop
      vertex 107.6 74.7409 0
      vertex 184.167 26.6109 0
      vertex 183.949 26.2728 0
    endloop
  endfacet
  facet normal 0 0 -1
    outer loop
      vertex 107.6 74.7409 0
      vertex 183.949 26.2728 0
      vertex 183.765 25.9149 0
    endloop
  endfacet
  facet normal 0 0 -1
    outer loop
      vertex 107.6 74.7409 0
      vertex 183.765 25.9149 0
      vertex 183.618 25.5407 0
    endloop
  endfacet
  facet normal 0 0 -1
    outer loop
      vertex 107.6 74.7409 0
      vertex 183.618 25.5407 0
      vertex 183.507 25.1538 0
    endloop
  endfacet
  facet normal 0 0 -1
    outer loop
      vertex 107.6 74.7409 0
      vertex 183.507 25.1538 0
      vertex 183.435 24.7579 0
    endloop
  endfacet
  facet normal 0 0 -1
    outer loop
      vertex 107.6 74.7409 0
      vertex 183.435 24.7579 0
      vertex 183.402 24.3569 0
    endloop
  endfacet
  facet normal 0 0 -1
    outer loop
      vertex 185.687 27.9 0
      vertex 107.6 74.7409 0
      vertex 107.563 75.4859 0
    endloop
  endfacet
  facet normal 0 0 -1
    outer loop
      vertex 186.056 28.06 0
      vertex 107.563 75.4859 0
      vertex 107.454 76.2236 0
    endloop
  endfacet
  facet normal 0 0 -1
    outer loop
      vertex 186.439 28.1831 0
      vertex 107.454 76.2236 0
      vertex 107.273 76.9471 0
    endloop
  endfacet
  facet normal 0 0 -1
    outer loop
      vertex 186.832 28.268 0
      vertex 107.273 76.9471 0
      vertex 107.021 77.6493 0
    endloop
  endfacet
  facet normal 0 0 -1
    outer loop
      vertex 187.232 28.314 0
      vertex 107.021 77.6493 0
      vertex 200 200 0
    endloop
  endfacet
  facet normal 0 0 -1
    outer loop
      vertex 106.703 78.3235 0
      vertex 200 200 0
      vertex 107.021 77.6493 0
    endloop
  endfacet
  facet normal 0 0 -1
    outer loop
      vertex 106.319 78.9633 0
      vertex 200 200 0
      vertex 106.703 78.3235 0
    endloop
  endfacet
  facet normal 0 0 -1
    outer loop
      vertex 105.875 79.5623 0
      vertex 200 200 0
      vertex 106.319 78.9633 0
    endloop
  endfacet
  facet normal 0 0 -1
    outer loop
      vertex 104.08 175.375 0
      vertex 105.875 79.5623 0
      vertex 105.374 80.1149 0
    endloop
  endfacet
  facet normal 0 0 -1
    outer loop
      vertex 104.08 175.375 0
      vertex 105.374 80.1149 0
      vertex 104.821 80.6158 0
    endloop
  endfacet
  facet normal 0 0 -1
    outer loop
      vertex 102.601 172.608 0
      vertex 104.821 80.6158 0
      vertex 104.222 81.0601 0
    endloop
  endfacet
  facet normal 0 0 -1
    outer loop
      vertex 104.08 175.375 0
      vertex 200 200 0
      vertex 105.875 79.5623 0
    endloop
  endfacet
  facet normal 0 0 -1
    outer loop
      vertex 104.08 176.179 0
      vertex 200 200 0
      vertex 104.1 175.777 0
    endloop
  endfacet
  facet normal 0 0 -1
    outer loop
      vertex 104.021 176.577 0
      vertex 200 200 0
      vertex 104.08 176.179 0
    endloop
  endfacet
  facet normal 0 0 -1
    outer loop
      vertex 103.923 176.967 0
      vertex 200 200 0
      vertex 104.021 176.577 0
    endloop
  endfacet
  facet normal 0 0 -1
    outer loop
      vertex 103.788 177.346 0
      vertex 200 200 0
      vertex 103.923 176.967 0
    endloop
  endfacet
  facet normal 0 0 -1
    outer loop
      vertex 103.616 177.71 0
      vertex 200 200 0
      vertex 103.788 177.346 0
    endloop
  endfacet
  facet normal 0 0 -1
    outer loop
      vertex 103.409 178.055 0
      vertex 200 200 0
      vertex 103.616 177.71 0
    endloop
  endfacet
  facet normal 0 0 -1
    outer loop
      vertex 103.169 178.378 0
      vertex 200 200 0
      vertex 103.409 178.055 0
    endloop
  endfacet
  facet normal 0 0 -1
    outer loop
      vertex 102.899 178.676 0
      vertex 200 200 0
      vertex 103.169 178.378 0
    endloop
  endfacet
  facet normal 0 0 -1
    outer loop
      vertex 102.601 178.947 0
      vertex 200 200 0
      vertex 102.899 178.676 0
    endloop
  endfacet
  facet normal 0 0 -1
    outer loop
      vertex 102.278 179.186 0
      vertex 200 200 0
      vertex 102.601 178.947 0
    endloop
  endfacet
  facet normal 0 0 -1
    outer loop
      vertex 101.933 179.393 0
      vertex 200 200 0
      vertex 102.278 179.186 0
    endloop
  endfacet
  facet normal 0 0 -1
    outer loop
      vertex 101.569 179.565 0
      vertex 200 200 0
      vertex 101.933 179.393 0
    endloop
  endfacet
  facet normal 0 0 -1
    outer loop
      vertex 101.19 179.701 0
      vertex 200 200 0
      vertex 101.569 179.565 0
    endloop
  endfacet
  facet normal 0 0 -1
    outer loop
      vertex 100.8 179.798 0
      vertex 200 200 0
      vertex 101.19 179.701 0
    endloop
  endfacet
  facet normal 0 0 -1
    outer loop
      vertex 100.402 179.857 0
      vertex 200 200 0
      vertex 100.8 179.798 0
    endloop
  endfacet
  facet normal 0 0 -1
    outer loop
      vertex 100 179.877 0
      vertex 200 200 0
      vertex 100.402 179.857 0
    endloop
  endfacet
  facet normal 0 0 -1
    outer loop
      vertex 0 200 0
      vertex 100 179.877 0
      vertex 99.5981 179.857 0
    endloop
  endfacet
  facet normal 0 0 -1
    outer loop
      vertex 0 200 0
      vertex 99.5981 179.857 0
      vertex 99.2001 179.798 0
    endloop
  endfacet
  facet normal 0 0 -1
    outer loop
      vertex 96.2121 174.208 0
      vertex 0 200 0
      vertex 96.0765 174.587 0
    endloop
  endfacet
  facet normal 0 0 -1
    outer loop
      vertex 96.0765 174.587 0
      vertex 0 200 0
      vertex 95.9788 174.977 0
    endloop
  endfacet
  facet normal 0 0 -1
    outer loop
      vertex 95.9788 174.977 0
      vertex 0 200 0
      vertex 95.9197 175.375 0
    endloop
  endfacet
  facet normal 0 0 -1
    outer loop
      vertex 0 200 0
      vertex 94.1251 79.5623 0
      vertex 93.6808 78.9633 0
    endloop
  endfacet
  facet normal 0 0 -1
    outer loop
      vertex 0 200 0
      vertex 93.6808 78.9633 0
      vertex 93.2974 78.3235 0
    endloop
  endfacet
  facet normal 0 0 -1
    outer loop
      vertex 0 200 0
      vertex 93.2974 78.3235 0
      vertex 92.9785 77.6493 0
    endloop
  endfacet
  facet normal 0 0 -1
    outer loop
      vertex 13.1679 28.268 0
      vertex 92.9785 77.6493 0
      vertex 92.7272 76.9471 0
    endloop
  endfacet
  facet normal 0 0 -1
    outer loop
      vertex 13.5612 28.1831 0
      vertex 92.7272 76.9471 0
      vertex 92.546 76.2236 0
    endloop
  endfacet
  facet normal 0 0 -1
    outer loop
      vertex 13.9442 28.06 0
      vertex 92.546 76.2236 0
      vertex 92.4366 75.4859 0
    endloop
  endfacet
  facet normal 0 0 -1
    outer loop
      vertex 14.3134 27.9 0
      vertex 92.4366 75.4859 0
      vertex 92.4 74.7409 0
    endloop
  endfacet
  facet normal 0 0 -1
    outer loop
      vertex 15.8327 26.6109 0
      vertex 93.2974 71.1583 0
      vertex 16.0507 26.2728 0
    endloop
  endfacet
  facet normal -0 0 -1
    outer loop
      vertex 93.2974 71.1583 0
      vertex 15.8327 26.6109 0
      vertex 92.9785 71.8325 0
    endloop
  endfacet
  facet normal 0 0 -1
    outer loop
      vertex 15.5825 26.9261 0
      vertex 92.9785 71.8325 0
      vertex 15.8327 26.6109 0
    endloop
  endfacet
  facet normal -0 0 -1
    outer loop
      vertex 92.9785 71.8325 0
      vertex 15.5825 26.9261 0
      vertex 92.7272 72.5348 0
    endloop
  endfacet
  facet normal 0 0 -1
    outer loop
      vertex 15.3027 27.2152 0
      vertex 92.7272 72.5348 0
      vertex 15.5825 26.9261 0
    endloop
  endfacet
  facet normal -0 0 -1
    outer loop
      vertex 92.7272 72.5348 0
      vertex 15.3027 27.2152 0
      vertex 92.546 73.2582 0
    endloop
  endfacet
  facet normal 0 0 -1
    outer loop
      vertex 14.9959 27.4755 0
      vertex 92.546 73.2582 0
      vertex 15.3027 27.2152 0
    endloop
  endfacet
  facet normal -0 0 -1
    outer loop
      vertex 92.546 73.2582 0
      vertex 14.9959 27.4755 0
      vertex 92.4366 73.996 0
    endloop
  endfacet
  facet normal 0 0 -1
    outer loop
      vertex 14.6651 27.7045 0
      vertex 92.4366 73.996 0
      vertex 14.9959 27.4755 0
    endloop
  endfacet
  facet normal -0 0 -1
    outer loop
      vertex 92.4366 73.996 0
      vertex 14.6651 27.7045 0
      vertex 92.4 74.7409 0
    endloop
  endfacet
  facet normal 0 0 -1
    outer loop
      vertex 14.3134 27.9 0
      vertex 92.4 74.7409 0
      vertex 14.6651 27.7045 0
    endloop
  endfacet
  facet normal 0 0 -1
    outer loop
      vertex 92.4366 75.4859 0
      vertex 14.3134 27.9 0
      vertex 13.9442 28.06 0
    endloop
  endfacet
  facet normal 0 0 -1
    outer loop
      vertex 92.546 76.2236 0
      vertex 13.9442 28.06 0
      vertex 13.5612 28.1831 0
    endloop
  endfacet
  facet normal 0 0 -1
    outer loop
      vertex 92.7272 76.9471 0
      vertex 13.5612 28.1831 0
      vertex 13.1679 28.268 0
    endloop
  endfacet
  facet normal 0 0 -1
    outer loop
      vertex 92.9785 77.6493 0
      vertex 13.1679 28.268 0
      vertex 12.7682 28.314 0
    endloop
  endfacet
  facet normal 0 0 -1
    outer loop
      vertex 95.9197 175.375 0
      vertex 0 200 0
      vertex 95.9 175.777 0
    endloop
  endfacet
  facet normal 0 0 -1
    outer loop
      vertex 95.9 175.777 0
      vertex 0 200 0
      vertex 95.9197 176.179 0
    endloop
  endfacet
  facet normal 0 0 -1
    outer loop
      vertex 95.9197 176.179 0
      vertex 0 200 0
      vertex 95.9788 176.577 0
    endloop
  endfacet
  facet normal 0 0 -1
    outer loop
      vertex 95.9788 176.577 0
      vertex 0 200 0
      vertex 96.0765 176.967 0
    endloop
  endfacet
  facet normal 0 0 -1
    outer loop
      vertex 96.0765 176.967 0
      vertex 0 200 0
      vertex 96.2121 177.346 0
    endloop
  endfacet
  facet normal -0 0 -1
    outer loop
      vertex 92.9785 77.6493 0
      vertex 12.7682 28.314 0
      vertex 0 200 0
    endloop
  endfacet
  facet normal 0 0 -1
    outer loop
      vertex 0 200 0
      vertex 12.7682 28.314 0
      vertex 12.3659 28.3206 0
    endloop
  endfacet
  facet normal 0 0 -1
    outer loop
      vertex 0 200 0
      vertex 12.3659 28.3206 0
      vertex 11.9648 28.2877 0
    endloop
  endfacet
  facet normal 0 0 -1
    outer loop
      vertex 0 200 0
      vertex 11.9648 28.2877 0
      vertex 11.569 28.2157 0
    endloop
  endfacet
  facet normal 0 0 -1
    outer loop
      vertex 0 200 0
      vertex 11.569 28.2157 0
      vertex 11.1821 28.1052 0
    endloop
  endfacet
  facet normal 0 0 -1
    outer loop
      vertex 0 200 0
      vertex 11.1821 28.1052 0
      vertex 10.8079 27.9573 0
    endloop
  endfacet
  facet normal 0 0 -1
    outer loop
      vertex 0 200 0
      vertex 10.8079 27.9573 0
      vertex 10.45 27.7735 0
    endloop
  endfacet
  facet normal 0 0 -1
    outer loop
      vertex 0 200 0
      vertex 10.45 27.7735 0
      vertex 10.1118 27.5554 0
    endloop
  endfacet
  facet normal 0 0 -1
    outer loop
      vertex 0 200 0
      vertex 10.1118 27.5554 0
      vertex 9.79668 27.3053 0
    endloop
  endfacet
  facet normal 0 0 -1
    outer loop
      vertex 0 200 0
      vertex 9.79668 27.3053 0
      vertex 9.50756 27.0255 0
    endloop
  endfacet
  facet normal 0 0 -1
    outer loop
      vertex 0 200 0
      vertex 9.50756 27.0255 0
      vertex 9.24725 26.7187 0
    endloop
  endfacet
  facet normal 0 0 -1
    outer loop
      vertex 0 200 0
      vertex 9.24725 26.7187 0
      vertex 9.01827 26.3879 0
    endloop
  endfacet
  facet normal 0 0 -1
    outer loop
      vertex 0 0 0
      vertex 8.40878 24.4909 0
      vertex 8.4022 24.0886 0
    endloop
  endfacet
  facet normal 0 0 -1
    outer loop
      vertex 0 0 0
      vertex 8.45476 24.8906 0
      vertex 8.40878 24.4909 0
    endloop
  endfacet
  facet normal 0 0 -1
    outer loop
      vertex 0 0 0
      vertex 8.5397 25.2839 0
      vertex 8.45476 24.8906 0
    endloop
  endfacet
  facet normal 0 0 -1
    outer loop
      vertex 0 200 0
      vertex 8.5397 25.2839 0
      vertex 0 0 0
    endloop
  endfacet
  facet normal 0 0 -1
    outer loop
      vertex 100 179.877 0
      vertex 0 200 0
      vertex 200 200 0
    endloop
  endfacet
  facet normal 0 0 -1
    outer loop
      vertex 98.8098 179.701 0
      vertex 0 200 0
      vertex 99.2001 179.798 0
    endloop
  endfacet
  facet normal 0 0 -1
    outer loop
      vertex 98.431 179.565 0
      vertex 0 200 0
      vertex 98.8098 179.701 0
    endloop
  endfacet
  facet normal 0 0 -1
    outer loop
      vertex 98.0673 179.393 0
      vertex 0 200 0
      vertex 98.431 179.565 0
    endloop
  endfacet
  facet normal 0 0 -1
    outer loop
      vertex 97.7222 179.186 0
      vertex 0 200 0
      vertex 98.0673 179.393 0
    endloop
  endfacet
  facet normal 0 0 -1
    outer loop
      vertex 97.399 178.947 0
      vertex 0 200 0
      vertex 97.7222 179.186 0
    endloop
  endfacet
  facet normal 0 0 -1
    outer loop
      vertex 97.1009 178.676 0
      vertex 0 200 0
      vertex 97.399 178.947 0
    endloop
  endfacet
  facet normal 0 0 -1
    outer loop
      vertex 96.8307 178.378 0
      vertex 0 200 0
      vertex 97.1009 178.676 0
    endloop
  endfacet
  facet normal 0 0 -1
    outer loop
      vertex 96.591 178.055 0
      vertex 0 200 0
      vertex 96.8307 178.378 0
    endloop
  endfacet
  facet normal 0 0 -1
    outer loop
      vertex 96.3841 177.71 0
      vertex 0 200 0
      vertex 96.591 178.055 0
    endloop
  endfacet
  facet normal 0 0 -1
    outer loop
      vertex 96.2121 177.346 0
      vertex 0 200 0
      vertex 96.3841 177.71 0
    endloop
  endfacet
  facet normal 0 0 -1
    outer loop
      vertex 8.82282 26.0362 0
      vertex 0 200 0
      vertex 9.01827 26.3879 0
    endloop
  endfacet
  facet normal 0 0 -1
    outer loop
      vertex 8.66279 25.667 0
      vertex 0 200 0
      vertex 8.82282 26.0362 0
    endloop
  endfacet
  facet normal 0 0 -1
    outer loop
      vertex 8.5397 25.2839 0
      vertex 0 200 0
      vertex 8.66279 25.667 0
    endloop
  endfacet
  facet normal -1 0 0
    outer loop
      vertex 0 0 0
      vertex 0 200 60
      vertex 0 200 0
    endloop
  endfacet
  facet normal -1 -0 0
    outer loop
      vertex 0 200 60
      vertex 0 0 0
      vertex 0 0 60
    endloop
  endfacet
  facet normal 0 1 -0
    outer loop
      vertex 200 200 0
      vertex 0 200 60
      vertex 200 200 60
    endloop
  endfacet
  facet normal 0 1 0
    outer loop
      vertex 0 200 60
      vertex 200 200 0
      vertex 0 200 0
    endloop
  endfacet
  facet normal 0 -1 0
    outer loop
      vertex 0 0 60
      vertex 100 0 31.1
      vertex 200 0 60
    endloop
  endfacet
  facet normal 0 -1 0
    outer loop
      vertex 0 0 60
      vertex 99.4021 0 31.0706
      vertex 100 0 31.1
    endloop
  endfacet
  facet normal 0 -1 0
    outer loop
      vertex 0 0 60
      vertex 98.81 0 30.9828
      vertex 99.4021 0 31.0706
    endloop
  endfacet
  facet normal 0 -1 0
    outer loop
      vertex 0 0 60
      vertex 98.2293 0 30.8373
      vertex 98.81 0 30.9828
    endloop
  endfacet
  facet normal 0 -1 0
    outer loop
      vertex 0 0 60
      vertex 97.6656 0 30.6357
      vertex 98.2293 0 30.8373
    endloop
  endfacet
  facet normal 0 -1 0
    outer loop
      vertex 0 0 60
      vertex 97.1245 0 30.3797
      vertex 97.6656 0 30.6357
    endloop
  endfacet
  facet normal 0 -1 0
    outer loop
      vertex 0 0 60
      vertex 96.611 0 30.072
      vertex 97.1245 0 30.3797
    endloop
  endfacet
  facet normal 0 -1 0
    outer loop
      vertex 0 0 60
      vertex 96.1302 0 29.7154
      vertex 96.611 0 30.072
    endloop
  endfacet
  facet normal 0 -1 0
    outer loop
      vertex 0 0 60
      vertex 95.6866 0 29.3134
      vertex 96.1302 0 29.7154
    endloop
  endfacet
  facet normal 0 -1 0
    outer loop
      vertex 0 0 60
      vertex 95.2846 0 28.8698
      vertex 95.6866 0 29.3134
    endloop
  endfacet
  facet normal 0 -1 0
    outer loop
      vertex 0 0 60
      vertex 94.928 0 28.389
      vertex 95.2846 0 28.8698
    endloop
  endfacet
  facet normal 0 -1 0
    outer loop
      vertex 0 0 60
      vertex 94.6203 0 27.8755
      vertex 94.928 0 28.389
    endloop
  endfacet
  facet normal 0 -1 0
    outer loop
      vertex 0 0 60
      vertex 94.3643 0 27.3344
      vertex 94.6203 0 27.8755
    endloop
  endfacet
  facet normal 0 -1 0
    outer loop
      vertex 0 0 60
      vertex 94.1627 0 26.7707
      vertex 94.3643 0 27.3344
    endloop
  endfacet
  facet normal 0 -1 0
    outer loop
      vertex 0 0 60
      vertex 94.0172 0 26.1901
      vertex 94.1627 0 26.7707
    endloop
  endfacet
  facet normal 0 -1 0
    outer loop
      vertex 0 0 60
      vertex 93.9294 0 25.5979
      vertex 94.0172 0 26.1901
    endloop
  endfacet
  facet normal 0 -1 0
    outer loop
      vertex 0 0 0
      vertex 93.9294 0 25.5979
      vertex 0 0 60
    endloop
  endfacet
  facet normal 0 -1 0
    outer loop
      vertex 93.9294 0 25.5979
      vertex 0 0 0
      vertex 93.9 0 25
    endloop
  endfacet
  facet normal 0 -1 -0
    outer loop
      vertex 93.9 0 25
      vertex 0 0 0
      vertex 93.9294 0 24.4021
    endloop
  endfacet
  facet normal 0 -1 -0
    outer loop
      vertex 93.9294 0 24.4021
      vertex 0 0 0
      vertex 94.0172 0 23.8099
    endloop
  endfacet
  facet normal 0 -1 -0
    outer loop
      vertex 94.0172 0 23.8099
      vertex 0 0 0
      vertex 94.1627 0 23.2293
    endloop
  endfacet
  facet normal 0 -1 -0
    outer loop
      vertex 94.1627 0 23.2293
      vertex 0 0 0
      vertex 94.3643 0 22.6656
    endloop
  endfacet
  facet normal 0 -1 -0
    outer loop
      vertex 94.3643 0 22.6656
      vertex 0 0 0
      vertex 94.6203 0 22.1245
    endloop
  endfacet
  facet normal 0 -1 -0
    outer loop
      vertex 94.6203 0 22.1245
      vertex 0 0 0
      vertex 94.928 0 21.611
    endloop
  endfacet
  facet normal 0 -1 -0
    outer loop
      vertex 94.928 0 21.611
      vertex 0 0 0
      vertex 95.2846 0 21.1302
    endloop
  endfacet
  facet normal 0 -1 -0
    outer loop
      vertex 95.2846 0 21.1302
      vertex 0 0 0
      vertex 95.6866 0 20.6866
    endloop
  endfacet
  facet normal 0 -1 -0
    outer loop
      vertex 95.6866 0 20.6866
      vertex 0 0 0
      vertex 96.1302 0 20.2846
    endloop
  endfacet
  facet normal 0 -1 -0
    outer loop
      vertex 96.1302 0 20.2846
      vertex 0 0 0
      vertex 96.611 0 19.928
    endloop
  endfacet
  facet normal 0 -1 -0
    outer loop
      vertex 96.611 0 19.928
      vertex 0 0 0
      vertex 97.1245 0 19.6203
    endloop
  endfacet
  facet normal 0 -1 -0
    outer loop
      vertex 99.4021 0 18.9294
      vertex 0 0 0
      vertex 100 0 18.9
    endloop
  endfacet
  facet normal 0 -1 -0
    outer loop
      vertex 98.81 0 19.0172
      vertex 0 0 0
      vertex 99.4021 0 18.9294
    endloop
  endfacet
  facet normal 0 -1 -0
    outer loop
      vertex 98.2293 0 19.1627
      vertex 0 0 0
      vertex 98.81 0 19.0172
    endloop
  endfacet
  facet normal 0 -1 -0
    outer loop
      vertex 97.6656 0 19.3643
      vertex 0 0 0
      vertex 98.2293 0 19.1627
    endloop
  endfacet
  facet normal 0 -1 -0
    outer loop
      vertex 97.1245 0 19.6203
      vertex 0 0 0
      vertex 97.6656 0 19.3643
    endloop
  endfacet
  facet normal 0 -1 0
    outer loop
      vertex 100.598 0 31.0706
      vertex 200 0 60
      vertex 100 0 31.1
    endloop
  endfacet
  facet normal 0 -1 0
    outer loop
      vertex 101.19 0 30.9828
      vertex 200 0 60
      vertex 100.598 0 31.0706
    endloop
  endfacet
  facet normal 0 -1 0
    outer loop
      vertex 101.771 0 30.8373
      vertex 200 0 60
      vertex 101.19 0 30.9828
    endloop
  endfacet
  facet normal 0 -1 0
    outer loop
      vertex 102.334 0 30.6357
      vertex 200 0 60
      vertex 101.771 0 30.8373
    endloop
  endfacet
  facet normal 0 -1 0
    outer loop
      vertex 102.876 0 30.3797
      vertex 200 0 60
      vertex 102.334 0 30.6357
    endloop
  endfacet
  facet normal 0 -1 0
    outer loop
      vertex 103.389 0 30.072
      vertex 200 0 60
      vertex 102.876 0 30.3797
    endloop
  endfacet
  facet normal 0 -1 0
    outer loop
      vertex 103.87 0 29.7154
      vertex 200 0 60
      vertex 103.389 0 30.072
    endloop
  endfacet
  facet normal 0 -1 0
    outer loop
      vertex 104.313 0 29.3134
      vertex 200 0 60
      vertex 103.87 0 29.7154
    endloop
  endfacet
  facet normal 0 -1 0
    outer loop
      vertex 104.715 0 28.8698
      vertex 200 0 60
      vertex 104.313 0 29.3134
    endloop
  endfacet
  facet normal 0 -1 0
    outer loop
      vertex 105.072 0 28.389
      vertex 200 0 60
      vertex 104.715 0 28.8698
    endloop
  endfacet
  facet normal 0 -1 0
    outer loop
      vertex 105.38 0 27.8755
      vertex 200 0 60
      vertex 105.072 0 28.389
    endloop
  endfacet
  facet normal 0 -1 0
    outer loop
      vertex 105.636 0 27.3344
      vertex 200 0 60
      vertex 105.38 0 27.8755
    endloop
  endfacet
  facet normal 0 -1 0
    outer loop
      vertex 105.837 0 26.7707
      vertex 200 0 60
      vertex 105.636 0 27.3344
    endloop
  endfacet
  facet normal 0 -1 0
    outer loop
      vertex 105.983 0 26.1901
      vertex 200 0 60
      vertex 105.837 0 26.7707
    endloop
  endfacet
  facet normal 0 -1 0
    outer loop
      vertex 106.071 0 25.5979
      vertex 200 0 60
      vertex 105.983 0 26.1901
    endloop
  endfacet
  facet normal 0 -1 0
    outer loop
      vertex 200 0 0
      vertex 106.071 0 25.5979
      vertex 106.1 0 25
    endloop
  endfacet
  facet normal 0 -1 0
    outer loop
      vertex 200 0 0
      vertex 106.1 0 25
      vertex 106.071 0 24.4021
    endloop
  endfacet
  facet normal 0 -1 0
    outer loop
      vertex 200 0 0
      vertex 106.071 0 24.4021
      vertex 105.983 0 23.8099
    endloop
  endfacet
  facet normal 0 -1 0
    outer loop
      vertex 200 0 0
      vertex 105.983 0 23.8099
      vertex 105.837 0 23.2293
    endloop
  endfacet
  facet normal 0 -1 0
    outer loop
      vertex 200 0 0
      vertex 105.837 0 23.2293
      vertex 105.636 0 22.6656
    endloop
  endfacet
  facet normal 0 -1 0
    outer loop
      vertex 200 0 0
      vertex 105.636 0 22.6656
      vertex 105.38 0 22.1245
    endloop
  endfacet
  facet normal 0 -1 0
    outer loop
      vertex 200 0 0
      vertex 105.38 0 22.1245
      vertex 105.072 0 21.611
    endloop
  endfacet
  facet normal 0 -1 0
    outer loop
      vertex 200 0 0
      vertex 105.072 0 21.611
      vertex 104.715 0 21.1302
    endloop
  endfacet
  facet normal 0 -1 0
    outer loop
      vertex 200 0 0
      vertex 104.715 0 21.1302
      vertex 104.313 0 20.6866
    endloop
  endfacet
  facet normal 0 -1 0
    outer loop
      vertex 200 0 0
      vertex 104.313 0 20.6866
      vertex 103.87 0 20.2846
    endloop
  endfacet
  facet normal 0 -1 0
    outer loop
      vertex 200 0 0
      vertex 103.87 0 20.2846
      vertex 103.389 0 19.928
    endloop
  endfacet
  facet normal 0 -1 0
    outer loop
      vertex 200 0 0
      vertex 103.389 0 19.928
      vertex 102.876 0 19.6203
    endloop
  endfacet
  facet normal 0 -1 0
    outer loop
      vertex 200 0 0
      vertex 102.876 0 19.6203
      vertex 102.334 0 19.3643
    endloop
  endfacet
  facet normal 0 -1 0
    outer loop
      vertex 200 0 0
      vertex 100 0 18.9
      vertex 0 0 0
    endloop
  endfacet
  facet normal 0 -1 0
    outer loop
      vertex 100 0 18.9
      vertex 200 0 0
      vertex 100.598 0 18.9294
    endloop
  endfacet
  facet normal 0 -1 0
    outer loop
      vertex 106.071 0 25.5979
      vertex 200 0 0
      vertex 200 0 60
    endloop
  endfacet
  facet normal 0 -1 0
    outer loop
      vertex 101.771 0 19.1627
      vertex 200 0 0
      vertex 102.334 0 19.3643
    endloop
  endfacet
  facet normal 0 -1 0
    outer loop
      vertex 101.19 0 19.0172
      vertex 200 0 0
      vertex 101.771 0 19.1627
    endloop
  endfacet
  facet normal 0 -1 0
    outer loop
      vertex 100.598 0 18.9294
      vertex 200 0 0
      vertex 101.19 0 19.0172
    endloop
  endfacet
  facet normal -1 0 0
    outer loop
      vertex 197 116.066 25.6959
      vertex 197 197 3
      vertex 197 116.1 25
    endloop
  endfacet
  facet normal -1 0 0
    outer loop
      vertex 197 197 3
      vertex 197 116.066 24.3041
      vertex 197 116.1 25
    endloop
  endfacet
  facet normal -1 0 0
    outer loop
      vertex 197 197 3
      vertex 197 115.964 23.6149
      vertex 197 116.066 24.3041
    endloop
  endfacet
  facet normal -1 0 0
    outer loop
      vertex 197 197 3
      vertex 197 115.794 22.939
      vertex 197 115.964 23.6149
    endloop
  endfacet
  facet normal -1 0 0
    outer loop
      vertex 197 197 3
      vertex 197 115.56 22.2829
      vertex 197 115.794 22.939
    endloop
  endfacet
  facet normal -1 0 0
    outer loop
      vertex 197 197 3
      vertex 197 115.262 21.6531
      vertex 197 115.56 22.2829
    endloop
  endfacet
  facet normal -1 0 0
    outer loop
      vertex 197 197 3
      vertex 197 114.903 21.0555
      vertex 197 115.262 21.6531
    endloop
  endfacet
  facet normal -1 0 0
    outer loop
      vertex 197 197 3
      vertex 197 114.488 20.4958
      vertex 197 114.903 21.0555
    endloop
  endfacet
  facet normal -1 0 0
    outer loop
      vertex 197 197 3
      vertex 197 114.02 19.9795
      vertex 197 114.488 20.4958
    endloop
  endfacet
  facet normal -1 0 0
    outer loop
      vertex 197 197 3
      vertex 197 113.504 19.5116
      vertex 197 114.02 19.9795
    endloop
  endfacet
  facet normal -1 0 0
    outer loop
      vertex 197 197 3
      vertex 197 112.945 19.0966
      vertex 197 113.504 19.5116
    endloop
  endfacet
  facet normal -1 0 0
    outer loop
      vertex 197 197 3
      vertex 197 112.347 18.7384
      vertex 197 112.945 19.0966
    endloop
  endfacet
  facet normal -1 0 0
    outer loop
      vertex 197 197 3
      vertex 197 111.717 18.4405
      vertex 197 112.347 18.7384
    endloop
  endfacet
  facet normal -1 0 0
    outer loop
      vertex 197 197 3
      vertex 197 111.061 18.2057
      vertex 197 111.717 18.4405
    endloop
  endfacet
  facet normal -1 0 0
    outer loop
      vertex 197 197 3
      vertex 197 110.385 18.0364
      vertex 197 111.061 18.2057
    endloop
  endfacet
  facet normal -1 0 0
    outer loop
      vertex 197 197 3
      vertex 197 109.696 17.9342
      vertex 197 110.385 18.0364
    endloop
  endfacet
  facet normal -1 0 0
    outer loop
      vertex 197 197 3
      vertex 197 109 17.9
      vertex 197 109.696 17.9342
    endloop
  endfacet
  facet normal -1 0 0
    outer loop
      vertex 197 197 3
      vertex 197 91 17.9
      vertex 197 109 17.9
    endloop
  endfacet
  facet normal -1 0 0
    outer loop
      vertex 197 3 3
      vertex 197 91 17.9
      vertex 197 197 3
    endloop
  endfacet
  facet normal -1 -0 0
    outer loop
      vertex 197 83.9342 24.3041
      vertex 197 3 3
      vertex 197 83.9 25
    endloop
  endfacet
  facet normal -1 -0 0
    outer loop
      vertex 197 84.0364 23.6149
      vertex 197 3 3
      vertex 197 83.9342 24.3041
    endloop
  endfacet
  facet normal -1 -0 0
    outer loop
      vertex 197 84.2057 22.939
      vertex 197 3 3
      vertex 197 84.0364 23.6149
    endloop
  endfacet
  facet normal -1 -0 0
    outer loop
      vertex 197 84.4405 22.2829
      vertex 197 3 3
      vertex 197 84.2057 22.939
    endloop
  endfacet
  facet normal -1 -0 0
    outer loop
      vertex 197 84.7384 21.6531
      vertex 197 3 3
      vertex 197 84.4405 22.2829
    endloop
  endfacet
  facet normal -1 -0 0
    outer loop
      vertex 197 85.0966 21.0555
      vertex 197 3 3
      vertex 197 84.7384 21.6531
    endloop
  endfacet
  facet normal -1 -0 0
    outer loop
      vertex 197 85.5116 20.4958
      vertex 197 3 3
      vertex 197 85.0966 21.0555
    endloop
  endfacet
  facet normal -1 -0 0
    outer loop
      vertex 197 85.9795 19.9795
      vertex 197 3 3
      vertex 197 85.5116 20.4958
    endloop
  endfacet
  facet normal -1 -0 0
    outer loop
      vertex 197 86.4958 19.5116
      vertex 197 3 3
      vertex 197 85.9795 19.9795
    endloop
  endfacet
  facet normal -1 -0 0
    outer loop
      vertex 197 87.0555 19.0966
      vertex 197 3 3
      vertex 197 86.4958 19.5116
    endloop
  endfacet
  facet normal -1 -0 0
    outer loop
      vertex 197 87.6531 18.7384
      vertex 197 3 3
      vertex 197 87.0555 19.0966
    endloop
  endfacet
  facet normal -1 -0 0
    outer loop
      vertex 197 88.283 18.4405
      vertex 197 3 3
      vertex 197 87.6531 18.7384
    endloop
  endfacet
  facet normal -1 -0 0
    outer loop
      vertex 197 88.939 18.2057
      vertex 197 3 3
      vertex 197 88.283 18.4405
    endloop
  endfacet
  facet normal -1 -0 0
    outer loop
      vertex 197 89.6149 18.0364
      vertex 197 3 3
      vertex 197 88.939 18.2057
    endloop
  endfacet
  facet normal -1 -0 0
    outer loop
      vertex 197 90.3041 17.9342
      vertex 197 3 3
      vertex 197 89.6149 18.0364
    endloop
  endfacet
  facet normal -1 -0 0
    outer loop
      vertex 197 91 17.9
      vertex 197 3 3
      vertex 197 90.3041 17.9342
    endloop
  endfacet
  facet normal -1 0 0
    outer loop
      vertex 197 197 3
      vertex 197 116.066 25.6959
      vertex 197 197 60
    endloop
  endfacet
  facet normal -1 0 0
    outer loop
      vertex 197 115.964 26.3851
      vertex 197 197 60
      vertex 197 116.066 25.6959
    endloop
  endfacet
  facet normal -1 0 0
    outer loop
      vertex 197 115.794 27.061
      vertex 197 197 60
      vertex 197 115.964 26.3851
    endloop
  endfacet
  facet normal -1 0 0
    outer loop
      vertex 197 115.56 27.7171
      vertex 197 197 60
      vertex 197 115.794 27.061
    endloop
  endfacet
  facet normal -1 0 0
    outer loop
      vertex 197 115.262 28.3469
      vertex 197 197 60
      vertex 197 115.56 27.7171
    endloop
  endfacet
  facet normal -1 0 0
    outer loop
      vertex 197 114.903 28.9445
      vertex 197 197 60
      vertex 197 115.262 28.3469
    endloop
  endfacet
  facet normal -1 0 0
    outer loop
      vertex 197 114.488 29.5042
      vertex 197 197 60
      vertex 197 114.903 28.9445
    endloop
  endfacet
  facet normal -1 0 0
    outer loop
      vertex 197 114.02 30.0205
      vertex 197 197 60
      vertex 197 114.488 29.5042
    endloop
  endfacet
  facet normal -1 0 0
    outer loop
      vertex 197 113.504 30.4884
      vertex 197 197 60
      vertex 197 114.02 30.0205
    endloop
  endfacet
  facet normal -1 0 0
    outer loop
      vertex 197 112.945 30.9034
      vertex 197 197 60
      vertex 197 113.504 30.4884
    endloop
  endfacet
  facet normal -1 0 0
    outer loop
      vertex 197 112.347 31.2616
      vertex 197 197 60
      vertex 197 112.945 30.9034
    endloop
  endfacet
  facet normal -1 0 0
    outer loop
      vertex 197 111.717 31.5595
      vertex 197 197 60
      vertex 197 112.347 31.2616
    endloop
  endfacet
  facet normal -1 0 0
    outer loop
      vertex 197 111.061 31.7943
      vertex 197 197 60
      vertex 197 111.717 31.5595
    endloop
  endfacet
  facet normal -1 0 0
    outer loop
      vertex 197 110.385 31.9636
      vertex 197 197 60
      vertex 197 111.061 31.7943
    endloop
  endfacet
  facet normal -1 0 0
    outer loop
      vertex 197 109.696 32.0658
      vertex 197 197 60
      vertex 197 110.385 31.9636
    endloop
  endfacet
  facet normal -1 0 0
    outer loop
      vertex 197 109 32.1
      vertex 197 197 60
      vertex 197 109.696 32.0658
    endloop
  endfacet
  facet normal -1 0 0
    outer loop
      vertex 197 91 32.1
      vertex 197 197 60
      vertex 197 109 32.1
    endloop
  endfacet
  facet normal -1 0 0
    outer loop
      vertex 197 3 60
      vertex 197 91 32.1
      vertex 197 90.3041 32.0658
    endloop
  endfacet
  facet normal -1 0 0
    outer loop
      vertex 197 3 60
      vertex 197 90.3041 32.0658
      vertex 197 89.6149 31.9636
    endloop
  endfacet
  facet normal -1 0 0
    outer loop
      vertex 197 3 60
      vertex 197 89.6149 31.9636
      vertex 197 88.939 31.7943
    endloop
  endfacet
  facet normal -1 0 0
    outer loop
      vertex 197 3 3
      vertex 197 83.9342 25.6959
      vertex 197 83.9 25
    endloop
  endfacet
  facet normal -1 0 0
    outer loop
      vertex 197 3 60
      vertex 197 83.9342 25.6959
      vertex 197 3 3
    endloop
  endfacet
  facet normal -1 0 0
    outer loop
      vertex 197 83.9342 25.6959
      vertex 197 3 60
      vertex 197 84.0364 26.3851
    endloop
  endfacet
  facet normal -1 0 0
    outer loop
      vertex 197 84.0364 26.3851
      vertex 197 3 60
      vertex 197 84.2057 27.061
    endloop
  endfacet
  facet normal -1 0 0
    outer loop
      vertex 197 84.2057 27.061
      vertex 197 3 60
      vertex 197 84.4405 27.7171
    endloop
  endfacet
  facet normal -1 0 0
    outer loop
      vertex 197 84.4405 27.7171
      vertex 197 3 60
      vertex 197 84.7384 28.3469
    endloop
  endfacet
  facet normal -1 0 0
    outer loop
      vertex 197 84.7384 28.3469
      vertex 197 3 60
      vertex 197 85.0966 28.9445
    endloop
  endfacet
  facet normal -1 0 0
    outer loop
      vertex 197 85.0966 28.9445
      vertex 197 3 60
      vertex 197 85.5116 29.5042
    endloop
  endfacet
  facet normal -1 0 0
    outer loop
      vertex 197 85.5116 29.5042
      vertex 197 3 60
      vertex 197 85.9795 30.0205
    endloop
  endfacet
  facet normal -1 0 0
    outer loop
      vertex 197 85.9795 30.0205
      vertex 197 3 60
      vertex 197 86.4958 30.4884
    endloop
  endfacet
  facet normal -1 0 0
    outer loop
      vertex 197 86.4958 30.4884
      vertex 197 3 60
      vertex 197 87.0555 30.9034
    endloop
  endfacet
  facet normal -1 0 0
    outer loop
      vertex 197 87.0555 30.9034
      vertex 197 3 60
      vertex 197 87.6531 31.2616
    endloop
  endfacet
  facet normal -1 0 0
    outer loop
      vertex 197 87.6531 31.2616
      vertex 197 3 60
      vertex 197 88.283 31.5595
    endloop
  endfacet
  facet normal -1 0 0
    outer loop
      vertex 197 91 32.1
      vertex 197 3 60
      vertex 197 197 60
    endloop
  endfacet
  facet normal -1 0 0
    outer loop
      vertex 197 88.283 31.5595
      vertex 197 3 60
      vertex 197 88.939 31.7943
    endloop
  endfacet
  facet normal -0 0 1
    outer loop
      vertex 191.545 24.8906 3
      vertex 197 3 3
      vertex 197 197 3
    endloop
  endfacet
  facet normal 0 0 1
    outer loop
      vertex 197 3 3
      vertex 191.591 24.4909 3
      vertex 191.598 24.0886 3
    endloop
  endfacet
  facet normal 0 0 1
    outer loop
      vertex 197 3 3
      vertex 191.545 24.8906 3
      vertex 191.591 24.4909 3
    endloop
  endfacet
  facet normal 0 0 1
    outer loop
      vertex 197 197 3
      vertex 191.46 25.2839 3
      vertex 191.545 24.8906 3
    endloop
  endfacet
  facet normal 0 0 1
    outer loop
      vertex 197 197 3
      vertex 191.337 25.667 3
      vertex 191.46 25.2839 3
    endloop
  endfacet
  facet normal 0 0 1
    outer loop
      vertex 197 197 3
      vertex 191.177 26.0362 3
      vertex 191.337 25.667 3
    endloop
  endfacet
  facet normal 0 0 1
    outer loop
      vertex 197 197 3
      vertex 190.982 26.3879 3
      vertex 191.177 26.0362 3
    endloop
  endfacet
  facet normal 0 0 1
    outer loop
      vertex 197 197 3
      vertex 190.753 26.7187 3
      vertex 190.982 26.3879 3
    endloop
  endfacet
  facet normal 0 0 1
    outer loop
      vertex 197 197 3
      vertex 190.492 27.0255 3
      vertex 190.753 26.7187 3
    endloop
  endfacet
  facet normal 0 0 1
    outer loop
      vertex 197 197 3
      vertex 190.203 27.3053 3
      vertex 190.492 27.0255 3
    endloop
  endfacet
  facet normal 0 0 1
    outer loop
      vertex 197 197 3
      vertex 189.888 27.5554 3
      vertex 190.203 27.3053 3
    endloop
  endfacet
  facet normal 0 0 1
    outer loop
      vertex 197 197 3
      vertex 189.55 27.7735 3
      vertex 189.888 27.5554 3
    endloop
  endfacet
  facet normal 0 0 1
    outer loop
      vertex 197 197 3
      vertex 189.192 27.9573 3
      vertex 189.55 27.7735 3
    endloop
  endfacet
  facet normal 0 0 1
    outer loop
      vertex 197 197 3
      vertex 188.818 28.1052 3
      vertex 189.192 27.9573 3
    endloop
  endfacet
  facet normal 0 0 1
    outer loop
      vertex 197 197 3
      vertex 188.431 28.2157 3
      vertex 188.818 28.1052 3
    endloop
  endfacet
  facet normal 0 0 1
    outer loop
      vertex 197 197 3
      vertex 188.035 28.2877 3
      vertex 188.431 28.2157 3
    endloop
  endfacet
  facet normal 0 0 1
    outer loop
      vertex 197 197 3
      vertex 187.634 28.3206 3
      vertex 188.035 28.2877 3
    endloop
  endfacet
  facet normal 0 0 1
    outer loop
      vertex 197 197 3
      vertex 187.232 28.314 3
      vertex 187.634 28.3206 3
    endloop
  endfacet
  facet normal -0 0 1
    outer loop
      vertex 107.021 77.6493 3
      vertex 187.232 28.314 3
      vertex 197 197 3
    endloop
  endfacet
  facet normal 0 0 1
    outer loop
      vertex 187.232 28.314 3
      vertex 107.021 77.6493 3
      vertex 186.832 28.268 3
    endloop
  endfacet
  facet normal -0 -0 1
    outer loop
      vertex 107.273 76.9471 3
      vertex 186.832 28.268 3
      vertex 107.021 77.6493 3
    endloop
  endfacet
  facet normal 0 0 1
    outer loop
      vertex 186.832 28.268 3
      vertex 107.273 76.9471 3
      vertex 186.439 28.1831 3
    endloop
  endfacet
  facet normal -0 -0 1
    outer loop
      vertex 107.454 76.2236 3
      vertex 186.439 28.1831 3
      vertex 107.273 76.9471 3
    endloop
  endfacet
  facet normal 0 0 1
    outer loop
      vertex 186.439 28.1831 3
      vertex 107.454 76.2236 3
      vertex 186.056 28.06 3
    endloop
  endfacet
  facet normal -0 -0 1
    outer loop
      vertex 107.563 75.4859 3
      vertex 186.056 28.06 3
      vertex 107.454 76.2236 3
    endloop
  endfacet
  facet normal 0 0 1
    outer loop
      vertex 186.056 28.06 3
      vertex 107.563 75.4859 3
      vertex 185.687 27.9 3
    endloop
  endfacet
  facet normal -0 -0 1
    outer loop
      vertex 107.6 74.7409 3
      vertex 185.687 27.9 3
      vertex 107.563 75.4859 3
    endloop
  endfacet
  facet normal 0 0 1
    outer loop
      vertex 185.687 27.9 3
      vertex 107.6 74.7409 3
      vertex 185.335 27.7045 3
    endloop
  endfacet
  facet normal -0 0 1
    outer loop
      vertex 107.563 73.996 3
      vertex 185.335 27.7045 3
      vertex 107.6 74.7409 3
    endloop
  endfacet
  facet normal 0 0 1
    outer loop
      vertex 185.335 27.7045 3
      vertex 107.563 73.996 3
      vertex 185.004 27.4755 3
    endloop
  endfacet
  facet normal -0 0 1
    outer loop
      vertex 107.454 73.2582 3
      vertex 185.004 27.4755 3
      vertex 107.563 73.996 3
    endloop
  endfacet
  facet normal 0 0 1
    outer loop
      vertex 185.004 27.4755 3
      vertex 107.454 73.2582 3
      vertex 184.697 27.2152 3
    endloop
  endfacet
  facet normal -0 0 1
    outer loop
      vertex 107.273 72.5348 3
      vertex 184.697 27.2152 3
      vertex 107.454 73.2582 3
    endloop
  endfacet
  facet normal 0 0 1
    outer loop
      vertex 184.697 27.2152 3
      vertex 107.273 72.5348 3
      vertex 184.417 26.9261 3
    endloop
  endfacet
  facet normal 0 0 1
    outer loop
      vertex 184.167 26.6109 3
      vertex 106.703 71.1583 3
      vertex 183.949 26.2728 3
    endloop
  endfacet
  facet normal -0 0 1
    outer loop
      vertex 106.703 71.1583 3
      vertex 184.167 26.6109 3
      vertex 107.021 71.8325 3
    endloop
  endfacet
  facet normal 0 0 1
    outer loop
      vertex 184.417 26.9261 3
      vertex 107.021 71.8325 3
      vertex 184.167 26.6109 3
    endloop
  endfacet
  facet normal -0 0 1
    outer loop
      vertex 107.021 71.8325 3
      vertex 184.417 26.9261 3
      vertex 107.273 72.5348 3
    endloop
  endfacet
  facet normal 0 0 1
    outer loop
      vertex 197 197 3
      vertex 106.703 78.3235 3
      vertex 107.021 77.6493 3
    endloop
  endfacet
  facet normal 0 0 1
    outer loop
      vertex 197 197 3
      vertex 106.319 78.9633 3
      vertex 106.703 78.3235 3
    endloop
  endfacet
  facet normal 0 0 1
    outer loop
      vertex 197 197 3
      vertex 105.875 79.5623 3
      vertex 106.319 78.9633 3
    endloop
  endfacet
  facet normal -0 0 1
    outer loop
      vertex 103.409 173.499 3
      vertex 105.875 79.5623 3
      vertex 197 197 3
    endloop
  endfacet
  facet normal -0 0 1
    outer loop
      vertex 103.169 173.176 3
      vertex 105.875 79.5623 3
      vertex 103.409 173.499 3
    endloop
  endfacet
  facet normal 0 0 1
    outer loop
      vertex 105.875 79.5623 3
      vertex 103.169 173.176 3
      vertex 105.374 80.1149 3
    endloop
  endfacet
  facet normal 0 0 1
    outer loop
      vertex 104.08 175.375 3
      vertex 197 197 3
      vertex 104.1 175.777 3
    endloop
  endfacet
  facet normal 0 0 1
    outer loop
      vertex 197 197 3
      vertex 104.08 176.179 3
      vertex 104.1 175.777 3
    endloop
  endfacet
  facet normal 0 0 1
    outer loop
      vertex 197 197 3
      vertex 104.021 176.577 3
      vertex 104.08 176.179 3
    endloop
  endfacet
  facet normal 0 0 1
    outer loop
      vertex 197 197 3
      vertex 103.923 176.967 3
      vertex 104.021 176.577 3
    endloop
  endfacet
  facet normal 0 0 1
    outer loop
      vertex 197 197 3
      vertex 103.788 177.346 3
      vertex 103.923 176.967 3
    endloop
  endfacet
  facet normal 0 0 1
    outer loop
      vertex 197 197 3
      vertex 103.616 177.71 3
      vertex 103.788 177.346 3
    endloop
  endfacet
  facet normal 0 0 1
    outer loop
      vertex 197 197 3
      vertex 103.409 178.055 3
      vertex 103.616 177.71 3
    endloop
  endfacet
  facet normal 0 0 1
    outer loop
      vertex 197 197 3
      vertex 103.169 178.378 3
      vertex 103.409 178.055 3
    endloop
  endfacet
  facet normal 0 0 1
    outer loop
      vertex 197 197 3
      vertex 102.899 178.676 3
      vertex 103.169 178.378 3
    endloop
  endfacet
  facet normal 0 0 1
    outer loop
      vertex 197 197 3
      vertex 102.601 178.947 3
      vertex 102.899 178.676 3
    endloop
  endfacet
  facet normal 0 0 1
    outer loop
      vertex 197 197 3
      vertex 102.278 179.186 3
      vertex 102.601 178.947 3
    endloop
  endfacet
  facet normal 0 0 1
    outer loop
      vertex 197 197 3
      vertex 101.933 179.393 3
      vertex 102.278 179.186 3
    endloop
  endfacet
  facet normal 0 0 1
    outer loop
      vertex 197 197 3
      vertex 101.569 179.565 3
      vertex 101.933 179.393 3
    endloop
  endfacet
  facet normal 0 0 1
    outer loop
      vertex 197 197 3
      vertex 101.19 179.701 3
      vertex 101.569 179.565 3
    endloop
  endfacet
  facet normal 0 0 1
    outer loop
      vertex 197 197 3
      vertex 100.8 179.798 3
      vertex 101.19 179.701 3
    endloop
  endfacet
  facet normal 0 0 1
    outer loop
      vertex 197 197 3
      vertex 100.402 179.857 3
      vertex 100.8 179.798 3
    endloop
  endfacet
  facet normal 0 0 1
    outer loop
      vertex 197 197 3
      vertex 100 179.877 3
      vertex 100.402 179.857 3
    endloop
  endfacet
  facet normal -0 0 1
    outer loop
      vertex 3 197 3
      vertex 100 179.877 3
      vertex 197 197 3
    endloop
  endfacet
  facet normal 0 0 1
    outer loop
      vertex 100 179.877 3
      vertex 3 197 3
      vertex 99.5981 179.857 3
    endloop
  endfacet
  facet normal 0 0 1
    outer loop
      vertex 97.399 172.608 3
      vertex 95.1786 80.6158 3
      vertex 95.7777 81.0601 3
    endloop
  endfacet
  facet normal 0 0 1
    outer loop
      vertex 95.9197 175.375 3
      vertex 94.626 80.1149 3
      vertex 95.1786 80.6158 3
    endloop
  endfacet
  facet normal 0 0 1
    outer loop
      vertex 95.9197 175.375 3
      vertex 94.1251 79.5623 3
      vertex 94.626 80.1149 3
    endloop
  endfacet
  facet normal 0 0 1
    outer loop
      vertex 95.9197 175.375 3
      vertex 3 197 3
      vertex 94.1251 79.5623 3
    endloop
  endfacet
  facet normal 0 0 1
    outer loop
      vertex 94.1251 79.5623 3
      vertex 3 197 3
      vertex 93.6808 78.9633 3
    endloop
  endfacet
  facet normal 0 0 1
    outer loop
      vertex 93.6808 78.9633 3
      vertex 3 197 3
      vertex 93.2974 78.3235 3
    endloop
  endfacet
  facet normal 0 0 1
    outer loop
      vertex 93.2974 78.3235 3
      vertex 3 197 3
      vertex 92.9785 77.6493 3
    endloop
  endfacet
  facet normal 0 -0 1
    outer loop
      vertex 12.7682 28.314 3
      vertex 92.9785 77.6493 3
      vertex 3 197 3
    endloop
  endfacet
  facet normal 0 -0 1
    outer loop
      vertex 13.1679 28.268 3
      vertex 92.9785 77.6493 3
      vertex 12.7682 28.314 3
    endloop
  endfacet
  facet normal 0 0 1
    outer loop
      vertex 92.9785 77.6493 3
      vertex 13.1679 28.268 3
      vertex 92.7272 76.9471 3
    endloop
  endfacet
  facet normal 0 -0 1
    outer loop
      vertex 13.5612 28.1831 3
      vertex 92.7272 76.9471 3
      vertex 13.1679 28.268 3
    endloop
  endfacet
  facet normal 0 0 1
    outer loop
      vertex 3 197 3
      vertex 95.9 175.777 3
      vertex 95.9197 176.179 3
    endloop
  endfacet
  facet normal 0 0 1
    outer loop
      vertex 3 197 3
      vertex 95.9197 176.179 3
      vertex 95.9788 176.577 3
    endloop
  endfacet
  facet normal 0 0 1
    outer loop
      vertex 3 197 3
      vertex 95.9788 176.577 3
      vertex 96.0765 176.967 3
    endloop
  endfacet
  facet normal 0 0 1
    outer loop
      vertex 3 197 3
      vertex 96.0765 176.967 3
      vertex 96.2121 177.346 3
    endloop
  endfacet
  facet normal 0 0 1
    outer loop
      vertex 3 197 3
      vertex 96.2121 177.346 3
      vertex 96.3841 177.71 3
    endloop
  endfacet
  facet normal 0 0 1
    outer loop
      vertex 92.4 74.7409 3
      vertex 16.5649 24.7579 3
      vertex 16.5978 24.3569 3
    endloop
  endfacet
  facet normal 0 0 1
    outer loop
      vertex 92.4 74.7409 3
      vertex 16.4929 25.1538 3
      vertex 16.5649 24.7579 3
    endloop
  endfacet
  facet normal 0 0 1
    outer loop
      vertex 92.4 74.7409 3
      vertex 16.3824 25.5407 3
      vertex 16.4929 25.1538 3
    endloop
  endfacet
  facet normal 0 0 1
    outer loop
      vertex 92.4 74.7409 3
      vertex 16.2345 25.9149 3
      vertex 16.3824 25.5407 3
    endloop
  endfacet
  facet normal 0 0 1
    outer loop
      vertex 92.4 74.7409 3
      vertex 16.0507 26.2728 3
      vertex 16.2345 25.9149 3
    endloop
  endfacet
  facet normal 0 0 1
    outer loop
      vertex 92.4 74.7409 3
      vertex 15.8327 26.6109 3
      vertex 16.0507 26.2728 3
    endloop
  endfacet
  facet normal 0 0 1
    outer loop
      vertex 92.4 74.7409 3
      vertex 15.5825 26.9261 3
      vertex 15.8327 26.6109 3
    endloop
  endfacet
  facet normal 0 0 1
    outer loop
      vertex 92.4 74.7409 3
      vertex 15.3027 27.2152 3
      vertex 15.5825 26.9261 3
    endloop
  endfacet
  facet normal 0 0 1
    outer loop
      vertex 92.4 74.7409 3
      vertex 14.9959 27.4755 3
      vertex 15.3027 27.2152 3
    endloop
  endfacet
  facet normal 0 0 1
    outer loop
      vertex 92.4 74.7409 3
      vertex 14.6651 27.7045 3
      vertex 14.9959 27.4755 3
    endloop
  endfacet
  facet normal 0 0 1
    outer loop
      vertex 92.4 74.7409 3
      vertex 14.3134 27.9 3
      vertex 14.6651 27.7045 3
    endloop
  endfacet
  facet normal 0 0 1
    outer loop
      vertex 92.4366 75.4859 3
      vertex 14.3134 27.9 3
      vertex 92.4 74.7409 3
    endloop
  endfacet
  facet normal 0 -0 1
    outer loop
      vertex 14.3134 27.9 3
      vertex 92.4366 75.4859 3
      vertex 13.9442 28.06 3
    endloop
  endfacet
  facet normal 0 0 1
    outer loop
      vertex 92.7272 76.9471 3
      vertex 13.5612 28.1831 3
      vertex 92.546 76.2236 3
    endloop
  endfacet
  facet normal 0 0 1
    outer loop
      vertex 92.546 76.2236 3
      vertex 13.9442 28.06 3
      vertex 92.4366 75.4859 3
    endloop
  endfacet
  facet normal 0 -0 1
    outer loop
      vertex 13.9442 28.06 3
      vertex 92.546 76.2236 3
      vertex 13.5612 28.1831 3
    endloop
  endfacet
  facet normal 0 0 1
    outer loop
      vertex 12.7682 28.314 3
      vertex 3 197 3
      vertex 12.3659 28.3206 3
    endloop
  endfacet
  facet normal 0 0 1
    outer loop
      vertex 12.3659 28.3206 3
      vertex 3 197 3
      vertex 11.9648 28.2877 3
    endloop
  endfacet
  facet normal 0 0 1
    outer loop
      vertex 11.9648 28.2877 3
      vertex 3 197 3
      vertex 11.569 28.2157 3
    endloop
  endfacet
  facet normal 0 0 1
    outer loop
      vertex 11.569 28.2157 3
      vertex 3 197 3
      vertex 11.1821 28.1052 3
    endloop
  endfacet
  facet normal 0 0 1
    outer loop
      vertex 11.1821 28.1052 3
      vertex 3 197 3
      vertex 10.8079 27.9573 3
    endloop
  endfacet
  facet normal 0 0 1
    outer loop
      vertex 10.8079 27.9573 3
      vertex 3 197 3
      vertex 10.45 27.7735 3
    endloop
  endfacet
  facet normal 0 0 1
    outer loop
      vertex 10.45 27.7735 3
      vertex 3 197 3
      vertex 10.1118 27.5554 3
    endloop
  endfacet
  facet normal 0 0 1
    outer loop
      vertex 10.1118 27.5554 3
      vertex 3 197 3
      vertex 9.79668 27.3053 3
    endloop
  endfacet
  facet normal 0 0 1
    outer loop
      vertex 9.79668 27.3053 3
      vertex 3 197 3
      vertex 9.50756 27.0255 3
    endloop
  endfacet
  facet normal 0 0 1
    outer loop
      vertex 9.50756 27.0255 3
      vertex 3 197 3
      vertex 9.24725 26.7187 3
    endloop
  endfacet
  facet normal 0 0 1
    outer loop
      vertex 8.45476 24.8906 3
      vertex 3 3 3
      vertex 8.40878 24.4909 3
    endloop
  endfacet
  facet normal 0 0 1
    outer loop
      vertex 3 3 3
      vertex 8.45476 24.8906 3
      vertex 3 197 3
    endloop
  endfacet
  facet normal 0 0 1
    outer loop
      vertex 8.5397 25.2839 3
      vertex 3 197 3
      vertex 8.45476 24.8906 3
    endloop
  endfacet
  facet normal 0 0 1
    outer loop
      vertex 8.66279 25.667 3
      vertex 3 197 3
      vertex 8.5397 25.2839 3
    endloop
  endfacet
  facet normal 0 0 1
    outer loop
      vertex 8.82282 26.0362 3
      vertex 3 197 3
      vertex 8.66279 25.667 3
    endloop
  endfacet
  facet normal 0 0 1
    outer loop
      vertex 9.01827 26.3879 3
      vertex 3 197 3
      vertex 8.82282 26.0362 3
    endloop
  endfacet
  facet normal 0 0 1
    outer loop
      vertex 9.24725 26.7187 3
      vertex 3 197 3
      vertex 9.01827 26.3879 3
    endloop
  endfacet
  facet normal 0 0 1
    outer loop
      vertex 96.591 178.055 3
      vertex 3 197 3
      vertex 96.3841 177.71 3
    endloop
  endfacet
  facet normal 0 0 1
    outer loop
      vertex 96.8307 178.378 3
      vertex 3 197 3
      vertex 96.591 178.055 3
    endloop
  endfacet
  facet normal 0 0 1
    outer loop
      vertex 97.1009 178.676 3
      vertex 3 197 3
      vertex 96.8307 178.378 3
    endloop
  endfacet
  facet normal 0 0 1
    outer loop
      vertex 97.399 178.947 3
      vertex 3 197 3
      vertex 97.1009 178.676 3
    endloop
  endfacet
  facet normal 0 0 1
    outer loop
      vertex 97.7222 179.186 3
      vertex 3 197 3
      vertex 97.399 178.947 3
    endloop
  endfacet
  facet normal 0 0 1
    outer loop
      vertex 98.0673 179.393 3
      vertex 3 197 3
      vertex 97.7222 179.186 3
    endloop
  endfacet
  facet normal 0 0 1
    outer loop
      vertex 98.431 179.565 3
      vertex 3 197 3
      vertex 98.0673 179.393 3
    endloop
  endfacet
  facet normal 0 0 1
    outer loop
      vertex 98.8098 179.701 3
      vertex 3 197 3
      vertex 98.431 179.565 3
    endloop
  endfacet
  facet normal 0 0 1
    outer loop
      vertex 99.2001 179.798 3
      vertex 3 197 3
      vertex 98.8098 179.701 3
    endloop
  endfacet
  facet normal 0 0 1
    outer loop
      vertex 99.5981 179.857 3
      vertex 3 197 3
      vertex 99.2001 179.798 3
    endloop
  endfacet
  facet normal -0 0 1
    outer loop
      vertex 191.565 23.6876 3
      vertex 197 3 3
      vertex 191.598 24.0886 3
    endloop
  endfacet
  facet normal -0 0 1
    outer loop
      vertex 191.493 23.2918 3
      vertex 197 3 3
      vertex 191.565 23.6876 3
    endloop
  endfacet
  facet normal -0 0 1
    outer loop
      vertex 191.382 22.9049 3
      vertex 197 3 3
      vertex 191.493 23.2918 3
    endloop
  endfacet
  facet normal -0 0 1
    outer loop
      vertex 191.235 22.5307 3
      vertex 197 3 3
      vertex 191.382 22.9049 3
    endloop
  endfacet
  facet normal -0 0 1
    outer loop
      vertex 191.051 22.1728 3
      vertex 197 3 3
      vertex 191.235 22.5307 3
    endloop
  endfacet
  facet normal -0 0 1
    outer loop
      vertex 190.833 21.8346 3
      vertex 197 3 3
      vertex 191.051 22.1728 3
    endloop
  endfacet
  facet normal -0 0 1
    outer loop
      vertex 190.583 21.5195 3
      vertex 197 3 3
      vertex 190.833 21.8346 3
    endloop
  endfacet
  facet normal -0 0 1
    outer loop
      vertex 190.303 21.2303 3
      vertex 197 3 3
      vertex 190.583 21.5195 3
    endloop
  endfacet
  facet normal -0 0 1
    outer loop
      vertex 189.996 20.97 3
      vertex 197 3 3
      vertex 190.303 21.2303 3
    endloop
  endfacet
  facet normal -0 0 1
    outer loop
      vertex 189.665 20.741 3
      vertex 197 3 3
      vertex 189.996 20.97 3
    endloop
  endfacet
  facet normal -0 0 1
    outer loop
      vertex 189.313 20.5456 3
      vertex 197 3 3
      vertex 189.665 20.741 3
    endloop
  endfacet
  facet normal -0 0 1
    outer loop
      vertex 188.944 20.3856 3
      vertex 197 3 3
      vertex 189.313 20.5456 3
    endloop
  endfacet
  facet normal -0 0 1
    outer loop
      vertex 188.561 20.2625 3
      vertex 197 3 3
      vertex 188.944 20.3856 3
    endloop
  endfacet
  facet normal -0 0 1
    outer loop
      vertex 188.168 20.1775 3
      vertex 197 3 3
      vertex 188.561 20.2625 3
    endloop
  endfacet
  facet normal -0 0 1
    outer loop
      vertex 187.768 20.1316 3
      vertex 197 3 3
      vertex 188.168 20.1775 3
    endloop
  endfacet
  facet normal -0 0 1
    outer loop
      vertex 187.366 20.125 3
      vertex 197 3 3
      vertex 187.768 20.1316 3
    endloop
  endfacet
  facet normal 0 0 1
    outer loop
      vertex 186.965 20.1579 3
      vertex 197 3 3
      vertex 187.366 20.125 3
    endloop
  endfacet
  facet normal 0 0 1
    outer loop
      vertex 186.569 20.2299 3
      vertex 197 3 3
      vertex 186.965 20.1579 3
    endloop
  endfacet
  facet normal 0 0 1
    outer loop
      vertex 186.182 20.3404 3
      vertex 197 3 3
      vertex 186.569 20.2299 3
    endloop
  endfacet
  facet normal 0 0 1
    outer loop
      vertex 185.808 20.4882 3
      vertex 197 3 3
      vertex 186.182 20.3404 3
    endloop
  endfacet
  facet normal 0 0 1
    outer loop
      vertex 185.45 20.6721 3
      vertex 197 3 3
      vertex 185.808 20.4882 3
    endloop
  endfacet
  facet normal 0 0 1
    outer loop
      vertex 185.112 20.8901 3
      vertex 197 3 3
      vertex 185.45 20.6721 3
    endloop
  endfacet
  facet normal 0 0 1
    outer loop
      vertex 184.797 21.1402 3
      vertex 197 3 3
      vertex 185.112 20.8901 3
    endloop
  endfacet
  facet normal 0 0 1
    outer loop
      vertex 184.508 21.42 3
      vertex 197 3 3
      vertex 184.797 21.1402 3
    endloop
  endfacet
  facet normal 0 0 1
    outer loop
      vertex 184.247 21.7269 3
      vertex 197 3 3
      vertex 184.508 21.42 3
    endloop
  endfacet
  facet normal 0 0 1
    outer loop
      vertex 15.7527 21.7269 3
      vertex 184.247 21.7269 3
      vertex 184.018 22.0577 3
    endloop
  endfacet
  facet normal -0 0 1
    outer loop
      vertex 106.319 70.5186 3
      vertex 183.949 26.2728 3
      vertex 106.703 71.1583 3
    endloop
  endfacet
  facet normal 0 0 1
    outer loop
      vertex 183.949 26.2728 3
      vertex 106.319 70.5186 3
      vertex 183.765 25.9149 3
    endloop
  endfacet
  facet normal -0 0 1
    outer loop
      vertex 105.875 69.9195 3
      vertex 183.765 25.9149 3
      vertex 106.319 70.5186 3
    endloop
  endfacet
  facet normal 0 0 1
    outer loop
      vertex 183.765 25.9149 3
      vertex 105.875 69.9195 3
      vertex 183.618 25.5407 3
    endloop
  endfacet
  facet normal -0 0 1
    outer loop
      vertex 105.374 69.3669 3
      vertex 183.618 25.5407 3
      vertex 105.875 69.9195 3
    endloop
  endfacet
  facet normal 0 0 1
    outer loop
      vertex 183.618 25.5407 3
      vertex 105.374 69.3669 3
      vertex 183.507 25.1538 3
    endloop
  endfacet
  facet normal -0 0 1
    outer loop
      vertex 104.821 68.866 3
      vertex 183.507 25.1538 3
      vertex 105.374 69.3669 3
    endloop
  endfacet
  facet normal 0 0 1
    outer loop
      vertex 183.507 25.1538 3
      vertex 104.821 68.866 3
      vertex 183.435 24.7579 3
    endloop
  endfacet
  facet normal 0 0 1
    outer loop
      vertex 183.435 24.7579 3
      vertex 104.821 68.866 3
      vertex 183.402 24.3569 3
    endloop
  endfacet
  facet normal -0 0 1
    outer loop
      vertex 104.222 68.4218 3
      vertex 183.402 24.3569 3
      vertex 104.821 68.866 3
    endloop
  endfacet
  facet normal 0 0 1
    outer loop
      vertex 183.402 24.3569 3
      vertex 104.222 68.4218 3
      vertex 183.409 23.9546 3
    endloop
  endfacet
  facet normal -0 0 1
    outer loop
      vertex 103.583 68.0383 3
      vertex 183.409 23.9546 3
      vertex 104.222 68.4218 3
    endloop
  endfacet
  facet normal 0 0 1
    outer loop
      vertex 183.409 23.9546 3
      vertex 103.583 68.0383 3
      vertex 183.455 23.5549 3
    endloop
  endfacet
  facet normal -0 0 1
    outer loop
      vertex 102.908 67.7194 3
      vertex 183.455 23.5549 3
      vertex 103.583 68.0383 3
    endloop
  endfacet
  facet normal 0 0 1
    outer loop
      vertex 183.455 23.5549 3
      vertex 102.908 67.7194 3
      vertex 183.54 23.1616 3
    endloop
  endfacet
  facet normal -0 0 1
    outer loop
      vertex 102.206 67.4682 3
      vertex 183.54 23.1616 3
      vertex 102.908 67.7194 3
    endloop
  endfacet
  facet normal 0 0 1
    outer loop
      vertex 183.54 23.1616 3
      vertex 102.206 67.4682 3
      vertex 183.663 22.7786 3
    endloop
  endfacet
  facet normal -0 0 1
    outer loop
      vertex 101.483 67.287 3
      vertex 183.663 22.7786 3
      vertex 102.206 67.4682 3
    endloop
  endfacet
  facet normal 0 0 1
    outer loop
      vertex 183.663 22.7786 3
      vertex 101.483 67.287 3
      vertex 183.823 22.4094 3
    endloop
  endfacet
  facet normal -0 0 1
    outer loop
      vertex 100.745 67.1775 3
      vertex 183.823 22.4094 3
      vertex 101.483 67.287 3
    endloop
  endfacet
  facet normal 0 0 1
    outer loop
      vertex 183.823 22.4094 3
      vertex 100.745 67.1775 3
      vertex 184.018 22.0577 3
    endloop
  endfacet
  facet normal -0 0 1
    outer loop
      vertex 100 67.1409 3
      vertex 184.018 22.0577 3
      vertex 100.745 67.1775 3
    endloop
  endfacet
  facet normal 0 0 1
    outer loop
      vertex 15.9817 22.0577 3
      vertex 184.018 22.0577 3
      vertex 100 67.1409 3
    endloop
  endfacet
  facet normal 0 0 1
    outer loop
      vertex 15.9817 22.0577 3
      vertex 100 67.1409 3
      vertex 99.2551 67.1775 3
    endloop
  endfacet
  facet normal 0 0 1
    outer loop
      vertex 16.1772 22.4094 3
      vertex 99.2551 67.1775 3
      vertex 98.5173 67.287 3
    endloop
  endfacet
  facet normal 0 0 1
    outer loop
      vertex 16.3372 22.7786 3
      vertex 98.5173 67.287 3
      vertex 97.7938 67.4682 3
    endloop
  endfacet
  facet normal 0 0 1
    outer loop
      vertex 16.4603 23.1616 3
      vertex 97.7938 67.4682 3
      vertex 97.0916 67.7194 3
    endloop
  endfacet
  facet normal 0 0 1
    outer loop
      vertex 16.5452 23.5549 3
      vertex 97.0916 67.7194 3
      vertex 96.4174 68.0383 3
    endloop
  endfacet
  facet normal 0 0 1
    outer loop
      vertex 16.5912 23.9546 3
      vertex 96.4174 68.0383 3
      vertex 95.7777 68.4218 3
    endloop
  endfacet
  facet normal 0 0 1
    outer loop
      vertex 16.5978 24.3569 3
      vertex 92.4366 73.996 3
      vertex 92.4 74.7409 3
    endloop
  endfacet
  facet normal 0 0 1
    outer loop
      vertex 16.5978 24.3569 3
      vertex 92.546 73.2582 3
      vertex 92.4366 73.996 3
    endloop
  endfacet
  facet normal 0 0 1
    outer loop
      vertex 16.5978 24.3569 3
      vertex 92.7272 72.5348 3
      vertex 92.546 73.2582 3
    endloop
  endfacet
  facet normal 0 0 1
    outer loop
      vertex 16.5978 24.3569 3
      vertex 92.9785 71.8325 3
      vertex 92.7272 72.5348 3
    endloop
  endfacet
  facet normal 0 0 1
    outer loop
      vertex 16.5978 24.3569 3
      vertex 93.2974 71.1583 3
      vertex 92.9785 71.8325 3
    endloop
  endfacet
  facet normal 0 0 1
    outer loop
      vertex 16.5978 24.3569 3
      vertex 93.6808 70.5186 3
      vertex 93.2974 71.1583 3
    endloop
  endfacet
  facet normal 0 0 1
    outer loop
      vertex 16.5978 24.3569 3
      vertex 94.1251 69.9195 3
      vertex 93.6808 70.5186 3
    endloop
  endfacet
  facet normal 0 0 1
    outer loop
      vertex 16.5978 24.3569 3
      vertex 94.626 69.3669 3
      vertex 94.1251 69.9195 3
    endloop
  endfacet
  facet normal 0 0 1
    outer loop
      vertex 16.5978 24.3569 3
      vertex 95.1786 68.866 3
      vertex 94.626 69.3669 3
    endloop
  endfacet
  facet normal 0 0 1
    outer loop
      vertex 16.5978 24.3569 3
      vertex 95.7777 68.4218 3
      vertex 95.1786 68.866 3
    endloop
  endfacet
  facet normal 0 0 1
    outer loop
      vertex 16.5912 23.9546 3
      vertex 95.7777 68.4218 3
      vertex 16.5978 24.3569 3
    endloop
  endfacet
  facet normal 0 0 1
    outer loop
      vertex 96.4174 68.0383 3
      vertex 16.5912 23.9546 3
      vertex 16.5452 23.5549 3
    endloop
  endfacet
  facet normal 0 0 1
    outer loop
      vertex 97.0916 67.7194 3
      vertex 16.5452 23.5549 3
      vertex 16.4603 23.1616 3
    endloop
  endfacet
  facet normal 0 0 1
    outer loop
      vertex 97.7938 67.4682 3
      vertex 16.4603 23.1616 3
      vertex 16.3372 22.7786 3
    endloop
  endfacet
  facet normal 0 0 1
    outer loop
      vertex 98.5173 67.287 3
      vertex 16.3372 22.7786 3
      vertex 16.1772 22.4094 3
    endloop
  endfacet
  facet normal 0 0 1
    outer loop
      vertex 99.2551 67.1775 3
      vertex 16.1772 22.4094 3
      vertex 15.9817 22.0577 3
    endloop
  endfacet
  facet normal 0 0 1
    outer loop
      vertex 15.7527 21.7269 3
      vertex 184.018 22.0577 3
      vertex 15.9817 22.0577 3
    endloop
  endfacet
  facet normal 0 0 1
    outer loop
      vertex 184.247 21.7269 3
      vertex 15.7527 21.7269 3
      vertex 197 3 3
    endloop
  endfacet
  facet normal -0 0 1
    outer loop
      vertex 15.4924 21.42 3
      vertex 197 3 3
      vertex 15.7527 21.7269 3
    endloop
  endfacet
  facet normal 0 0 1
    outer loop
      vertex 3 3 3
      vertex 15.4924 21.42 3
      vertex 15.2033 21.1402 3
    endloop
  endfacet
  facet normal 0 0 1
    outer loop
      vertex 3 3 3
      vertex 15.2033 21.1402 3
      vertex 14.8882 20.8901 3
    endloop
  endfacet
  facet normal 0 0 1
    outer loop
      vertex 3 3 3
      vertex 14.8882 20.8901 3
      vertex 14.55 20.6721 3
    endloop
  endfacet
  facet normal 0 0 1
    outer loop
      vertex 3 3 3
      vertex 14.55 20.6721 3
      vertex 14.1921 20.4882 3
    endloop
  endfacet
  facet normal 0 0 1
    outer loop
      vertex 3 3 3
      vertex 14.1921 20.4882 3
      vertex 13.8179 20.3404 3
    endloop
  endfacet
  facet normal 0 0 1
    outer loop
      vertex 3 3 3
      vertex 13.8179 20.3404 3
      vertex 13.431 20.2299 3
    endloop
  endfacet
  facet normal 0 0 1
    outer loop
      vertex 3 3 3
      vertex 13.431 20.2299 3
      vertex 13.0352 20.1579 3
    endloop
  endfacet
  facet normal 0 0 1
    outer loop
      vertex 3 3 3
      vertex 13.0352 20.1579 3
      vertex 12.6341 20.125 3
    endloop
  endfacet
  facet normal 0 0 1
    outer loop
      vertex 3 3 3
      vertex 12.6341 20.125 3
      vertex 12.2318 20.1316 3
    endloop
  endfacet
  facet normal 0 0 1
    outer loop
      vertex 15.4924 21.42 3
      vertex 3 3 3
      vertex 197 3 3
    endloop
  endfacet
  facet normal 0 0 1
    outer loop
      vertex 11.8321 20.1775 3
      vertex 3 3 3
      vertex 12.2318 20.1316 3
    endloop
  endfacet
  facet normal 0 0 1
    outer loop
      vertex 11.4388 20.2625 3
      vertex 3 3 3
      vertex 11.8321 20.1775 3
    endloop
  endfacet
  facet normal 0 0 1
    outer loop
      vertex 11.0558 20.3856 3
      vertex 3 3 3
      vertex 11.4388 20.2625 3
    endloop
  endfacet
  facet normal 0 0 1
    outer loop
      vertex 10.6866 20.5456 3
      vertex 3 3 3
      vertex 11.0558 20.3856 3
    endloop
  endfacet
  facet normal 0 0 1
    outer loop
      vertex 10.3349 20.741 3
      vertex 3 3 3
      vertex 10.6866 20.5456 3
    endloop
  endfacet
  facet normal 0 0 1
    outer loop
      vertex 10.0041 20.97 3
      vertex 3 3 3
      vertex 10.3349 20.741 3
    endloop
  endfacet
  facet normal 0 0 1
    outer loop
      vertex 9.69727 21.2303 3
      vertex 3 3 3
      vertex 10.0041 20.97 3
    endloop
  endfacet
  facet normal 0 0 1
    outer loop
      vertex 9.41746 21.5195 3
      vertex 3 3 3
      vertex 9.69727 21.2303 3
    endloop
  endfacet
  facet normal 0 0 1
    outer loop
      vertex 9.16733 21.8346 3
      vertex 3 3 3
      vertex 9.41746 21.5195 3
    endloop
  endfacet
  facet normal 0 0 1
    outer loop
      vertex 8.9493 22.1728 3
      vertex 3 3 3
      vertex 9.16733 21.8346 3
    endloop
  endfacet
  facet normal 0 0 1
    outer loop
      vertex 8.76546 22.5307 3
      vertex 3 3 3
      vertex 8.9493 22.1728 3
    endloop
  endfacet
  facet normal 0 0 1
    outer loop
      vertex 8.61759 22.9049 3
      vertex 3 3 3
      vertex 8.76546 22.5307 3
    endloop
  endfacet
  facet normal 0 0 1
    outer loop
      vertex 8.5071 23.2918 3
      vertex 3 3 3
      vertex 8.61759 22.9049 3
    endloop
  endfacet
  facet normal 0 0 1
    outer loop
      vertex 8.43508 23.6876 3
      vertex 3 3 3
      vertex 8.5071 23.2918 3
    endloop
  endfacet
  facet normal 0 0 1
    outer loop
      vertex 8.4022 24.0886 3
      vertex 3 3 3
      vertex 8.43508 23.6876 3
    endloop
  endfacet
  facet normal 0 0 1
    outer loop
      vertex 8.40878 24.4909 3
      vertex 3 3 3
      vertex 8.4022 24.0886 3
    endloop
  endfacet
  facet normal 0 0 1
    outer loop
      vertex 104.021 174.977 3
      vertex 197 197 3
      vertex 104.08 175.375 3
    endloop
  endfacet
  facet normal 0 0 1
    outer loop
      vertex 103.923 174.587 3
      vertex 197 197 3
      vertex 104.021 174.977 3
    endloop
  endfacet
  facet normal 0 0 1
    outer loop
      vertex 103.788 174.208 3
      vertex 197 197 3
      vertex 103.923 174.587 3
    endloop
  endfacet
  facet normal 0 0 1
    outer loop
      vertex 103.616 173.844 3
      vertex 197 197 3
      vertex 103.788 174.208 3
    endloop
  endfacet
  facet normal 0 0 1
    outer loop
      vertex 103.409 173.499 3
      vertex 197 197 3
      vertex 103.616 173.844 3
    endloop
  endfacet
  facet normal -0 0 1
    outer loop
      vertex 102.899 172.878 3
      vertex 105.374 80.1149 3
      vertex 103.169 173.176 3
    endloop
  endfacet
  facet normal 0 0 1
    outer loop
      vertex 105.374 80.1149 3
      vertex 102.899 172.878 3
      vertex 104.821 80.6158 3
    endloop
  endfacet
  facet normal -0 0 1
    outer loop
      vertex 102.601 172.608 3
      vertex 104.821 80.6158 3
      vertex 102.899 172.878 3
    endloop
  endfacet
  facet normal 0 0 1
    outer loop
      vertex 104.821 80.6158 3
      vertex 102.601 172.608 3
      vertex 104.222 81.0601 3
    endloop
  endfacet
  facet normal -0 0 1
    outer loop
      vertex 102.278 172.368 3
      vertex 104.222 81.0601 3
      vertex 102.601 172.608 3
    endloop
  endfacet
  facet normal 0 0 1
    outer loop
      vertex 104.222 81.0601 3
      vertex 102.278 172.368 3
      vertex 103.583 81.4435 3
    endloop
  endfacet
  facet normal -0 0 1
    outer loop
      vertex 101.933 172.161 3
      vertex 103.583 81.4435 3
      vertex 102.278 172.368 3
    endloop
  endfacet
  facet normal 0 0 1
    outer loop
      vertex 103.583 81.4435 3
      vertex 101.933 172.161 3
      vertex 102.908 81.7624 3
    endloop
  endfacet
  facet normal -0 0 1
    outer loop
      vertex 101.569 171.989 3
      vertex 102.908 81.7624 3
      vertex 101.933 172.161 3
    endloop
  endfacet
  facet normal 0 0 1
    outer loop
      vertex 102.908 81.7624 3
      vertex 101.569 171.989 3
      vertex 102.206 82.0137 3
    endloop
  endfacet
  facet normal -0 0 1
    outer loop
      vertex 101.19 171.854 3
      vertex 102.206 82.0137 3
      vertex 101.569 171.989 3
    endloop
  endfacet
  facet normal 0 0 1
    outer loop
      vertex 102.206 82.0137 3
      vertex 101.19 171.854 3
      vertex 101.483 82.1949 3
    endloop
  endfacet
  facet normal -0 0 1
    outer loop
      vertex 100.8 171.756 3
      vertex 101.483 82.1949 3
      vertex 101.19 171.854 3
    endloop
  endfacet
  facet normal 0 0 1
    outer loop
      vertex 100.8 171.756 3
      vertex 100.745 82.3043 3
      vertex 101.483 82.1949 3
    endloop
  endfacet
  facet normal -0 0 1
    outer loop
      vertex 100.402 171.697 3
      vertex 100.745 82.3043 3
      vertex 100.8 171.756 3
    endloop
  endfacet
  facet normal -0 0 1
    outer loop
      vertex 100 171.677 3
      vertex 100.745 82.3043 3
      vertex 100.402 171.697 3
    endloop
  endfacet
  facet normal 0 0 1
    outer loop
      vertex 100 171.677 3
      vertex 100 82.3409 3
      vertex 100.745 82.3043 3
    endloop
  endfacet
  facet normal 0 0 1
    outer loop
      vertex 99.5981 171.697 3
      vertex 100 82.3409 3
      vertex 100 171.677 3
    endloop
  endfacet
  facet normal 0 0 1
    outer loop
      vertex 99.5981 171.697 3
      vertex 99.2551 82.3043 3
      vertex 100 82.3409 3
    endloop
  endfacet
  facet normal 0 0 1
    outer loop
      vertex 99.2001 171.756 3
      vertex 99.2551 82.3043 3
      vertex 99.5981 171.697 3
    endloop
  endfacet
  facet normal 0 0 1
    outer loop
      vertex 98.5173 82.1949 3
      vertex 99.2001 171.756 3
      vertex 98.8098 171.854 3
    endloop
  endfacet
  facet normal 0 0 1
    outer loop
      vertex 99.2001 171.756 3
      vertex 98.5173 82.1949 3
      vertex 99.2551 82.3043 3
    endloop
  endfacet
  facet normal 0 0 1
    outer loop
      vertex 97.7938 82.0137 3
      vertex 98.8098 171.854 3
      vertex 98.431 171.989 3
    endloop
  endfacet
  facet normal 0 0 1
    outer loop
      vertex 97.0916 81.7624 3
      vertex 98.431 171.989 3
      vertex 98.0673 172.161 3
    endloop
  endfacet
  facet normal 0 0 1
    outer loop
      vertex 98.8098 171.854 3
      vertex 97.7938 82.0137 3
      vertex 98.5173 82.1949 3
    endloop
  endfacet
  facet normal 0 0 1
    outer loop
      vertex 96.4174 81.4435 3
      vertex 98.0673 172.161 3
      vertex 97.7222 172.368 3
    endloop
  endfacet
  facet normal 0 0 1
    outer loop
      vertex 95.7777 81.0601 3
      vertex 97.7222 172.368 3
      vertex 97.399 172.608 3
    endloop
  endfacet
  facet normal 0 0 1
    outer loop
      vertex 95.1786 80.6158 3
      vertex 97.399 172.608 3
      vertex 97.1009 172.878 3
    endloop
  endfacet
  facet normal 0 0 1
    outer loop
      vertex 98.431 171.989 3
      vertex 97.0916 81.7624 3
      vertex 97.7938 82.0137 3
    endloop
  endfacet
  facet normal 0 0 1
    outer loop
      vertex 95.1786 80.6158 3
      vertex 97.1009 172.878 3
      vertex 96.8307 173.176 3
    endloop
  endfacet
  facet normal 0 0 1
    outer loop
      vertex 95.1786 80.6158 3
      vertex 96.8307 173.176 3
      vertex 96.591 173.499 3
    endloop
  endfacet
  facet normal 0 0 1
    outer loop
      vertex 98.0673 172.161 3
      vertex 96.4174 81.4435 3
      vertex 97.0916 81.7624 3
    endloop
  endfacet
  facet normal 0 0 1
    outer loop
      vertex 95.1786 80.6158 3
      vertex 96.591 173.499 3
      vertex 96.3841 173.844 3
    endloop
  endfacet
  facet normal 0 0 1
    outer loop
      vertex 95.1786 80.6158 3
      vertex 96.3841 173.844 3
      vertex 96.2121 174.208 3
    endloop
  endfacet
  facet normal 0 0 1
    outer loop
      vertex 95.1786 80.6158 3
      vertex 96.2121 174.208 3
      vertex 96.0765 174.587 3
    endloop
  endfacet
  facet normal 0 0 1
    outer loop
      vertex 95.1786 80.6158 3
      vertex 96.0765 174.587 3
      vertex 95.9788 174.977 3
    endloop
  endfacet
  facet normal 0 0 1
    outer loop
      vertex 95.1786 80.6158 3
      vertex 95.9788 174.977 3
      vertex 95.9197 175.375 3
    endloop
  endfacet
  facet normal 0 0 1
    outer loop
      vertex 3 197 3
      vertex 95.9197 175.375 3
      vertex 95.9 175.777 3
    endloop
  endfacet
  facet normal 0 0 1
    outer loop
      vertex 97.7222 172.368 3
      vertex 95.7777 81.0601 3
      vertex 96.4174 81.4435 3
    endloop
  endfacet
  facet normal 1 -0 0
    outer loop
      vertex 3 3 60
      vertex 3 197 3
      vertex 3 197 60
    endloop
  endfacet
  facet normal 1 0 0
    outer loop
      vertex 3 197 3
      vertex 3 3 60
      vertex 3 3 3
    endloop
  endfacet
  facet normal 0 -1 0
    outer loop
      vertex 3 197 3
      vertex 197 197 60
      vertex 3 197 60
    endloop
  endfacet
  facet normal 0 -1 -0
    outer loop
      vertex 197 197 60
      vertex 3 197 3
      vertex 197 197 3
    endloop
  endfacet
  facet normal 0 1 0
    outer loop
      vertex 197 3 60
      vertex 100 3 31.1
      vertex 3 3 60
    endloop
  endfacet
  facet normal 0 1 0
    outer loop
      vertex 197 3 60
      vertex 100.598 3 31.0706
      vertex 100 3 31.1
    endloop
  endfacet
  facet normal 0 1 0
    outer loop
      vertex 197 3 60
      vertex 101.19 3 30.9828
      vertex 100.598 3 31.0706
    endloop
  endfacet
  facet normal 0 1 0
    outer loop
      vertex 197 3 60
      vertex 101.771 3 30.8373
      vertex 101.19 3 30.9828
    endloop
  endfacet
  facet normal 0 1 0
    outer loop
      vertex 197 3 60
      vertex 102.334 3 30.6357
      vertex 101.771 3 30.8373
    endloop
  endfacet
  facet normal 0 1 0
    outer loop
      vertex 197 3 60
      vertex 102.876 3 30.3797
      vertex 102.334 3 30.6357
    endloop
  endfacet
  facet normal 0 1 0
    outer loop
      vertex 197 3 60
      vertex 103.389 3 30.072
      vertex 102.876 3 30.3797
    endloop
  endfacet
  facet normal 0 1 0
    outer loop
      vertex 197 3 60
      vertex 103.87 3 29.7154
      vertex 103.389 3 30.072
    endloop
  endfacet
  facet normal 0 1 0
    outer loop
      vertex 197 3 60
      vertex 104.313 3 29.3134
      vertex 103.87 3 29.7154
    endloop
  endfacet
  facet normal 0 1 0
    outer loop
      vertex 197 3 60
      vertex 104.715 3 28.8698
      vertex 104.313 3 29.3134
    endloop
  endfacet
  facet normal 0 1 0
    outer loop
      vertex 197 3 60
      vertex 105.072 3 28.389
      vertex 104.715 3 28.8698
    endloop
  endfacet
  facet normal 0 1 0
    outer loop
      vertex 197 3 60
      vertex 105.38 3 27.8755
      vertex 105.072 3 28.389
    endloop
  endfacet
  facet normal 0 1 0
    outer loop
      vertex 197 3 60
      vertex 105.636 3 27.3344
      vertex 105.38 3 27.8755
    endloop
  endfacet
  facet normal 0 1 0
    outer loop
      vertex 197 3 60
      vertex 105.837 3 26.7707
      vertex 105.636 3 27.3344
    endloop
  endfacet
  facet normal 0 1 0
    outer loop
      vertex 197 3 60
      vertex 105.983 3 26.1901
      vertex 105.837 3 26.7707
    endloop
  endfacet
  facet normal 0 1 0
    outer loop
      vertex 197 3 60
      vertex 106.071 3 25.5979
      vertex 105.983 3 26.1901
    endloop
  endfacet
  facet normal 0 1 -0
    outer loop
      vertex 197 3 3
      vertex 106.071 3 25.5979
      vertex 197 3 60
    endloop
  endfacet
  facet normal 0 1 0
    outer loop
      vertex 106.071 3 25.5979
      vertex 197 3 3
      vertex 106.1 3 25
    endloop
  endfacet
  facet normal 0 1 0
    outer loop
      vertex 106.1 3 25
      vertex 197 3 3
      vertex 106.071 3 24.4021
    endloop
  endfacet
  facet normal 0 1 0
    outer loop
      vertex 106.071 3 24.4021
      vertex 197 3 3
      vertex 105.983 3 23.8099
    endloop
  endfacet
  facet normal 0 1 0
    outer loop
      vertex 105.983 3 23.8099
      vertex 197 3 3
      vertex 105.837 3 23.2293
    endloop
  endfacet
  facet normal 0 1 0
    outer loop
      vertex 105.837 3 23.2293
      vertex 197 3 3
      vertex 105.636 3 22.6656
    endloop
  endfacet
  facet normal 0 1 0
    outer loop
      vertex 105.636 3 22.6656
      vertex 197 3 3
      vertex 105.38 3 22.1245
    endloop
  endfacet
  facet normal 0 1 0
    outer loop
      vertex 105.38 3 22.1245
      vertex 197 3 3
      vertex 105.072 3 21.611
    endloop
  endfacet
  facet normal 0 1 0
    outer loop
      vertex 105.072 3 21.611
      vertex 197 3 3
      vertex 104.715 3 21.1302
    endloop
  endfacet
  facet normal 0 1 0
    outer loop
      vertex 104.715 3 21.1302
      vertex 197 3 3
      vertex 104.313 3 20.6866
    endloop
  endfacet
  facet normal 0 1 0
    outer loop
      vertex 104.313 3 20.6866
      vertex 197 3 3
      vertex 103.87 3 20.2846
    endloop
  endfacet
  facet normal 0 1 0
    outer loop
      vertex 103.87 3 20.2846
      vertex 197 3 3
      vertex 103.389 3 19.928
    endloop
  endfacet
  facet normal 0 1 0
    outer loop
      vertex 103.389 3 19.928
      vertex 197 3 3
      vertex 102.876 3 19.6203
    endloop
  endfacet
  facet normal 0 1 0
    outer loop
      vertex 100.598 3 18.9294
      vertex 197 3 3
      vertex 100 3 18.9
    endloop
  endfacet
  facet normal 0 1 0
    outer loop
      vertex 101.19 3 19.0172
      vertex 197 3 3
      vertex 100.598 3 18.9294
    endloop
  endfacet
  facet normal 0 1 0
    outer loop
      vertex 101.771 3 19.1627
      vertex 197 3 3
      vertex 101.19 3 19.0172
    endloop
  endfacet
  facet normal 0 1 0
    outer loop
      vertex 102.334 3 19.3643
      vertex 197 3 3
      vertex 101.771 3 19.1627
    endloop
  endfacet
  facet normal 0 1 0
    outer loop
      vertex 102.876 3 19.6203
      vertex 197 3 3
      vertex 102.334 3 19.3643
    endloop
  endfacet
  facet normal 0 1 -0
    outer loop
      vertex 99.4021 3 31.0706
      vertex 3 3 60
      vertex 100 3 31.1
    endloop
  endfacet
  facet normal 0 1 -0
    outer loop
      vertex 98.81 3 30.9828
      vertex 3 3 60
      vertex 99.4021 3 31.0706
    endloop
  endfacet
  facet normal 0 1 -0
    outer loop
      vertex 98.2293 3 30.8373
      vertex 3 3 60
      vertex 98.81 3 30.9828
    endloop
  endfacet
  facet normal 0 1 -0
    outer loop
      vertex 97.6656 3 30.6357
      vertex 3 3 60
      vertex 98.2293 3 30.8373
    endloop
  endfacet
  facet normal 0 1 -0
    outer loop
      vertex 97.1245 3 30.3797
      vertex 3 3 60
      vertex 97.6656 3 30.6357
    endloop
  endfacet
  facet normal 0 1 -0
    outer loop
      vertex 96.611 3 30.072
      vertex 3 3 60
      vertex 97.1245 3 30.3797
    endloop
  endfacet
  facet normal 0 1 -0
    outer loop
      vertex 96.1302 3 29.7154
      vertex 3 3 60
      vertex 96.611 3 30.072
    endloop
  endfacet
  facet normal 0 1 -0
    outer loop
      vertex 95.6866 3 29.3134
      vertex 3 3 60
      vertex 96.1302 3 29.7154
    endloop
  endfacet
  facet normal 0 1 -0
    outer loop
      vertex 95.2846 3 28.8698
      vertex 3 3 60
      vertex 95.6866 3 29.3134
    endloop
  endfacet
  facet normal 0 1 -0
    outer loop
      vertex 94.928 3 28.389
      vertex 3 3 60
      vertex 95.2846 3 28.8698
    endloop
  endfacet
  facet normal 0 1 -0
    outer loop
      vertex 94.6203 3 27.8755
      vertex 3 3 60
      vertex 94.928 3 28.389
    endloop
  endfacet
  facet normal 0 1 -0
    outer loop
      vertex 94.3643 3 27.3344
      vertex 3 3 60
      vertex 94.6203 3 27.8755
    endloop
  endfacet
  facet normal 0 1 -0
    outer loop
      vertex 94.1627 3 26.7707
      vertex 3 3 60
      vertex 94.3643 3 27.3344
    endloop
  endfacet
  facet normal 0 1 -0
    outer loop
      vertex 94.0172 3 26.1901
      vertex 3 3 60
      vertex 94.1627 3 26.7707
    endloop
  endfacet
  facet normal 0 1 -0
    outer loop
      vertex 93.9294 3 25.5979
      vertex 3 3 60
      vertex 94.0172 3 26.1901
    endloop
  endfacet
  facet normal 0 1 0
    outer loop
      vertex 3 3 3
      vertex 93.9294 3 25.5979
      vertex 93.9 3 25
    endloop
  endfacet
  facet normal 0 1 0
    outer loop
      vertex 3 3 3
      vertex 93.9 3 25
      vertex 93.9294 3 24.4021
    endloop
  endfacet
  facet normal 0 1 0
    outer loop
      vertex 3 3 3
      vertex 93.9294 3 24.4021
      vertex 94.0172 3 23.8099
    endloop
  endfacet
  facet normal 0 1 0
    outer loop
      vertex 3 3 3
      vertex 94.0172 3 23.8099
      vertex 94.1627 3 23.2293
    endloop
  endfacet
  facet normal 0 1 0
    outer loop
      vertex 3 3 3
      vertex 94.1627 3 23.2293
      vertex 94.3643 3 22.6656
    endloop
  endfacet
  facet normal 0 1 0
    outer loop
      vertex 3 3 3
      vertex 94.3643 3 22.6656
      vertex 94.6203 3 22.1245
    endloop
  endfacet
  facet normal 0 1 0
    outer loop
      vertex 3 3 3
      vertex 94.6203 3 22.1245
      vertex 94.928 3 21.611
    endloop
  endfacet
  facet normal 0 1 0
    outer loop
      vertex 3 3 3
      vertex 94.928 3 21.611
      vertex 95.2846 3 21.1302
    endloop
  endfacet
  facet normal 0 1 0
    outer loop
      vertex 3 3 3
      vertex 95.2846 3 21.1302
      vertex 95.6866 3 20.6866
    endloop
  endfacet
  facet normal 0 1 0
    outer loop
      vertex 3 3 3
      vertex 95.6866 3 20.6866
      vertex 96.1302 3 20.2846
    endloop
  endfacet
  facet normal 0 1 0
    outer loop
      vertex 3 3 3
      vertex 96.1302 3 20.2846
      vertex 96.611 3 19.928
    endloop
  endfacet
  facet normal 0 1 0
    outer loop
      vertex 3 3 3
      vertex 96.611 3 19.928
      vertex 97.1245 3 19.6203
    endloop
  endfacet
  facet normal 0 1 0
    outer loop
      vertex 3 3 3
      vertex 97.1245 3 19.6203
      vertex 97.6656 3 19.3643
    endloop
  endfacet
  facet normal 0 1 0
    outer loop
      vertex 3 3 3
      vertex 100 3 18.9
      vertex 197 3 3
    endloop
  endfacet
  facet normal 0 1 0
    outer loop
      vertex 100 3 18.9
      vertex 3 3 3
      vertex 99.4021 3 18.9294
    endloop
  endfacet
  facet normal 0 1 0
    outer loop
      vertex 93.9294 3 25.5979
      vertex 3 3 3
      vertex 3 3 60
    endloop
  endfacet
  facet normal 0 1 0
    outer loop
      vertex 98.2293 3 19.1627
      vertex 3 3 3
      vertex 97.6656 3 19.3643
    endloop
  endfacet
  facet normal 0 1 0
    outer loop
      vertex 98.81 3 19.0172
      vertex 3 3 3
      vertex 98.2293 3 19.1627
    endloop
  endfacet
  facet normal 0 1 0
    outer loop
      vertex 99.4021 3 18.9294
      vertex 3 3 3
      vertex 98.81 3 19.0172
    endloop
  endfacet
  facet normal 0.671598 0.740916 -0
    outer loop
      vertex 95.1786 68.866 0
      vertex 94.626 69.3669 3
      vertex 95.1786 68.866 3
    endloop
  endfacet
  facet normal 0.671598 0.740916 0
    outer loop
      vertex 94.626 69.3669 3
      vertex 95.1786 68.866 0
      vertex 94.626 69.3669 0
    endloop
  endfacet
  facet normal 0.941523 -0.336948 0
    outer loop
      vertex 92.7272 76.9471 3
      vertex 92.9785 77.6493 0
      vertex 92.9785 77.6493 3
    endloop
  endfacet
  facet normal 0.941523 -0.336948 0
    outer loop
      vertex 92.9785 77.6493 0
      vertex 92.7272 76.9471 3
      vertex 92.7272 76.9471 0
    endloop
  endfacet
  facet normal -0.98926 -0.14617 0
    outer loop
      vertex 107.563 75.4859 0
      vertex 107.454 76.2236 3
      vertex 107.454 76.2236 0
    endloop
  endfacet
  facet normal -0.98926 -0.14617 0
    outer loop
      vertex 107.454 76.2236 3
      vertex 107.563 75.4859 0
      vertex 107.563 75.4859 3
    endloop
  endfacet
  facet normal -0.998769 -0.0496033 0
    outer loop
      vertex 107.6 74.7409 0
      vertex 107.563 75.4859 3
      vertex 107.563 75.4859 0
    endloop
  endfacet
  facet normal -0.998769 -0.0496033 0
    outer loop
      vertex 107.563 75.4859 3
      vertex 107.6 74.7409 0
      vertex 107.6 74.7409 3
    endloop
  endfacet
  facet normal 0.51418 0.857682 -0
    outer loop
      vertex 96.4174 68.0383 0
      vertex 95.7777 68.4218 3
      vertex 96.4174 68.0383 3
    endloop
  endfacet
  facet normal 0.51418 0.857682 0
    outer loop
      vertex 95.7777 68.4218 3
      vertex 96.4174 68.0383 0
      vertex 95.7777 68.4218 0
    endloop
  endfacet
  facet normal -0.671331 -0.741158 0
    outer loop
      vertex 104.821 80.6158 0
      vertex 105.374 80.1149 3
      vertex 104.821 80.6158 3
    endloop
  endfacet
  facet normal -0.671331 -0.741158 -0
    outer loop
      vertex 105.374 80.1149 3
      vertex 104.821 80.6158 0
      vertex 105.374 80.1149 0
    endloop
  endfacet
  facet normal 0.146806 0.989165 -0
    outer loop
      vertex 99.2551 67.1775 0
      vertex 98.5173 67.287 3
      vertex 99.2551 67.1775 3
    endloop
  endfacet
  facet normal 0.146806 0.989165 0
    outer loop
      vertex 98.5173 67.287 3
      vertex 99.2551 67.1775 0
      vertex 98.5173 67.287 0
    endloop
  endfacet
  facet normal -0.740849 -0.671671 0
    outer loop
      vertex 105.875 79.5623 0
      vertex 105.374 80.1149 3
      vertex 105.374 80.1149 0
    endloop
  endfacet
  facet normal -0.740849 -0.671671 0
    outer loop
      vertex 105.374 80.1149 3
      vertex 105.875 79.5623 0
      vertex 105.875 79.5623 3
    endloop
  endfacet
  facet normal -0.427171 -0.904171 0
    outer loop
      vertex 102.908 81.7624 0
      vertex 103.583 81.4435 3
      vertex 102.908 81.7624 3
    endloop
  endfacet
  facet normal -0.427171 -0.904171 -0
    outer loop
      vertex 103.583 81.4435 3
      vertex 102.908 81.7624 0
      vertex 103.583 81.4435 0
    endloop
  endfacet
  facet normal -0.0490683 0.998795 0
    outer loop
      vertex 100.745 67.1775 0
      vertex 100 67.1409 3
      vertex 100.745 67.1775 3
    endloop
  endfacet
  facet normal -0.0490683 0.998795 0
    outer loop
      vertex 100 67.1409 3
      vertex 100.745 67.1775 0
      vertex 100 67.1409 0
    endloop
  endfacet
  facet normal 0.740916 -0.671598 0
    outer loop
      vertex 94.1251 79.5623 3
      vertex 94.626 80.1149 0
      vertex 94.626 80.1149 3
    endloop
  endfacet
  facet normal 0.740916 -0.671598 0
    outer loop
      vertex 94.626 80.1149 0
      vertex 94.1251 79.5623 3
      vertex 94.1251 79.5623 0
    endloop
  endfacet
  facet normal -0.989262 0.14615 0
    outer loop
      vertex 107.454 73.2582 0
      vertex 107.563 73.996 3
      vertex 107.563 73.996 0
    endloop
  endfacet
  facet normal -0.989262 0.14615 0
    outer loop
      vertex 107.563 73.996 3
      vertex 107.454 73.2582 0
      vertex 107.454 73.2582 3
    endloop
  endfacet
  facet normal -0.904441 -0.426598 0
    outer loop
      vertex 107.021 77.6493 0
      vertex 106.703 78.3235 3
      vertex 106.703 78.3235 0
    endloop
  endfacet
  facet normal -0.904441 -0.426598 0
    outer loop
      vertex 106.703 78.3235 3
      vertex 107.021 77.6493 0
      vertex 107.021 77.6493 3
    endloop
  endfacet
  facet normal 0.242946 -0.97004 0
    outer loop
      vertex 97.7938 82.0137 0
      vertex 98.5173 82.1949 3
      vertex 97.7938 82.0137 3
    endloop
  endfacet
  facet normal 0.242946 -0.97004 0
    outer loop
      vertex 98.5173 82.1949 3
      vertex 97.7938 82.0137 0
      vertex 98.5173 82.1949 0
    endloop
  endfacet
  facet normal 0.803175 -0.595744 0
    outer loop
      vertex 93.6808 78.9633 3
      vertex 94.1251 79.5623 0
      vertex 94.1251 79.5623 3
    endloop
  endfacet
  facet normal 0.803175 -0.595744 0
    outer loop
      vertex 94.1251 79.5623 0
      vertex 93.6808 78.9633 3
      vertex 93.6808 78.9633 0
    endloop
  endfacet
  facet normal -0.243104 -0.97 0
    outer loop
      vertex 101.483 82.1949 0
      vertex 102.206 82.0137 3
      vertex 101.483 82.1949 3
    endloop
  endfacet
  facet normal -0.243104 -0.97 -0
    outer loop
      vertex 102.206 82.0137 3
      vertex 101.483 82.1949 0
      vertex 102.206 82.0137 0
    endloop
  endfacet
  facet normal -0.337033 -0.941493 0
    outer loop
      vertex 102.206 82.0137 0
      vertex 102.908 81.7624 3
      vertex 102.206 82.0137 3
    endloop
  endfacet
  facet normal -0.337033 -0.941493 -0
    outer loop
      vertex 102.908 81.7624 3
      vertex 102.206 82.0137 0
      vertex 102.908 81.7624 0
    endloop
  endfacet
  facet normal -0.941225 -0.33778 0
    outer loop
      vertex 107.273 76.9471 0
      vertex 107.021 77.6493 3
      vertex 107.021 77.6493 0
    endloop
  endfacet
  facet normal -0.941225 -0.33778 0
    outer loop
      vertex 107.021 77.6493 3
      vertex 107.273 76.9471 0
      vertex 107.273 76.9471 3
    endloop
  endfacet
  facet normal -0.595744 -0.803175 0
    outer loop
      vertex 104.222 81.0601 0
      vertex 104.821 80.6158 3
      vertex 104.222 81.0601 3
    endloop
  endfacet
  facet normal -0.595744 -0.803175 -0
    outer loop
      vertex 104.821 80.6158 3
      vertex 104.222 81.0601 0
      vertex 104.821 80.6158 0
    endloop
  endfacet
  facet normal 0.857741 0.514082 0
    outer loop
      vertex 93.6808 70.5186 3
      vertex 93.2974 71.1583 0
      vertex 93.2974 71.1583 3
    endloop
  endfacet
  facet normal 0.857741 0.514082 0
    outer loop
      vertex 93.2974 71.1583 0
      vertex 93.6808 70.5186 3
      vertex 93.6808 70.5186 0
    endloop
  endfacet
  facet normal -0.514496 -0.857493 0
    outer loop
      vertex 103.583 81.4435 0
      vertex 104.222 81.0601 3
      vertex 103.583 81.4435 3
    endloop
  endfacet
  facet normal -0.514496 -0.857493 -0
    outer loop
      vertex 104.222 81.0601 3
      vertex 103.583 81.4435 0
      vertex 104.222 81.0601 0
    endloop
  endfacet
  facet normal -0.941241 0.337737 0
    outer loop
      vertex 107.021 71.8325 0
      vertex 107.273 72.5348 3
      vertex 107.273 72.5348 0
    endloop
  endfacet
  facet normal -0.941241 0.337737 0
    outer loop
      vertex 107.273 72.5348 3
      vertex 107.021 71.8325 0
      vertex 107.021 71.8325 3
    endloop
  endfacet
  facet normal 0.857777 -0.514022 0
    outer loop
      vertex 93.2974 78.3235 3
      vertex 93.6808 78.9633 0
      vertex 93.6808 78.9633 3
    endloop
  endfacet
  facet normal 0.857777 -0.514022 0
    outer loop
      vertex 93.6808 78.9633 0
      vertex 93.2974 78.3235 3
      vertex 93.2974 78.3235 0
    endloop
  endfacet
  facet normal 0.970032 0.242977 0
    outer loop
      vertex 92.7272 72.5348 3
      vertex 92.546 73.2582 0
      vertex 92.546 73.2582 3
    endloop
  endfacet
  facet normal 0.970032 0.242977 0
    outer loop
      vertex 92.546 73.2582 0
      vertex 92.7272 72.5348 3
      vertex 92.7272 72.5348 0
    endloop
  endfacet
  facet normal -0.0490683 -0.998795 0
    outer loop
      vertex 100 82.3409 0
      vertex 100.745 82.3043 3
      vertex 100 82.3409 3
    endloop
  endfacet
  facet normal -0.0490683 -0.998795 -0
    outer loop
      vertex 100.745 82.3043 3
      vertex 100 82.3409 0
      vertex 100.745 82.3043 0
    endloop
  endfacet
  facet normal -0.857422 -0.514614 0
    outer loop
      vertex 106.703 78.3235 0
      vertex 106.319 78.9633 3
      vertex 106.319 78.9633 0
    endloop
  endfacet
  facet normal -0.857422 -0.514614 0
    outer loop
      vertex 106.319 78.9633 3
      vertex 106.703 78.3235 0
      vertex 106.703 78.3235 3
    endloop
  endfacet
  facet normal 0.941539 0.336905 0
    outer loop
      vertex 92.9785 71.8325 3
      vertex 92.7272 72.5348 0
      vertex 92.7272 72.5348 3
    endloop
  endfacet
  facet normal 0.941539 0.336905 0
    outer loop
      vertex 92.7272 72.5348 0
      vertex 92.9785 71.8325 3
      vertex 92.9785 71.8325 0
    endloop
  endfacet
  facet normal 0.671598 -0.740916 0
    outer loop
      vertex 94.626 80.1149 0
      vertex 95.1786 80.6158 3
      vertex 94.626 80.1149 3
    endloop
  endfacet
  facet normal 0.671598 -0.740916 0
    outer loop
      vertex 95.1786 80.6158 3
      vertex 94.626 80.1149 0
      vertex 95.1786 80.6158 0
    endloop
  endfacet
  facet normal -0.970095 0.242725 0
    outer loop
      vertex 107.273 72.5348 0
      vertex 107.454 73.2582 3
      vertex 107.454 73.2582 0
    endloop
  endfacet
  facet normal -0.970095 0.242725 0
    outer loop
      vertex 107.454 73.2582 3
      vertex 107.273 72.5348 0
      vertex 107.273 72.5348 3
    endloop
  endfacet
  facet normal 0.514082 -0.857741 0
    outer loop
      vertex 95.7777 81.0601 0
      vertex 96.4174 81.4435 3
      vertex 95.7777 81.0601 3
    endloop
  endfacet
  facet normal 0.514082 -0.857741 0
    outer loop
      vertex 96.4174 81.4435 3
      vertex 95.7777 81.0601 0
      vertex 96.4174 81.4435 0
    endloop
  endfacet
  facet normal 0.998795 0.0490749 0
    outer loop
      vertex 92.4366 73.996 3
      vertex 92.4 74.7409 0
      vertex 92.4 74.7409 3
    endloop
  endfacet
  facet normal 0.998795 0.0490749 0
    outer loop
      vertex 92.4 74.7409 0
      vertex 92.4366 73.996 3
      vertex 92.4366 73.996 0
    endloop
  endfacet
  facet normal 0.97004 -0.242946 0
    outer loop
      vertex 92.546 76.2236 3
      vertex 92.7272 76.9471 0
      vertex 92.7272 76.9471 3
    endloop
  endfacet
  facet normal 0.97004 -0.242946 0
    outer loop
      vertex 92.7272 76.9471 0
      vertex 92.546 76.2236 3
      vertex 92.546 76.2236 0
    endloop
  endfacet
  facet normal -0.427171 0.904171 0
    outer loop
      vertex 103.583 68.0383 0
      vertex 102.908 67.7194 3
      vertex 103.583 68.0383 3
    endloop
  endfacet
  facet normal -0.427171 0.904171 0
    outer loop
      vertex 102.908 67.7194 3
      vertex 103.583 68.0383 0
      vertex 102.908 67.7194 0
    endloop
  endfacet
  facet normal 0.336829 0.941566 -0
    outer loop
      vertex 97.7938 67.4682 0
      vertex 97.0916 67.7194 3
      vertex 97.7938 67.4682 3
    endloop
  endfacet
  facet normal 0.336829 0.941566 0
    outer loop
      vertex 97.0916 67.7194 3
      vertex 97.7938 67.4682 0
      vertex 97.0916 67.7194 0
    endloop
  endfacet
  facet normal 0.336948 -0.941523 0
    outer loop
      vertex 97.0916 81.7624 0
      vertex 97.7938 82.0137 3
      vertex 97.0916 81.7624 3
    endloop
  endfacet
  facet normal 0.336948 -0.941523 0
    outer loop
      vertex 97.7938 82.0137 3
      vertex 97.0916 81.7624 0
      vertex 97.7938 82.0137 0
    endloop
  endfacet
  facet normal -0.514594 0.857434 0
    outer loop
      vertex 104.222 68.4218 0
      vertex 103.583 68.0383 3
      vertex 104.222 68.4218 3
    endloop
  endfacet
  facet normal -0.514594 0.857434 0
    outer loop
      vertex 103.583 68.0383 3
      vertex 104.222 68.4218 0
      vertex 103.583 68.0383 0
    endloop
  endfacet
  facet normal -0.146767 0.989171 0
    outer loop
      vertex 101.483 67.287 0
      vertex 100.745 67.1775 3
      vertex 101.483 67.287 3
    endloop
  endfacet
  facet normal -0.146767 0.989171 0
    outer loop
      vertex 100.745 67.1775 3
      vertex 101.483 67.287 0
      vertex 100.745 67.1775 0
    endloop
  endfacet
  facet normal -0.740849 0.671671 0
    outer loop
      vertex 105.374 69.3669 0
      vertex 105.875 69.9195 3
      vertex 105.875 69.9195 0
    endloop
  endfacet
  facet normal -0.740849 0.671671 0
    outer loop
      vertex 105.875 69.9195 3
      vertex 105.374 69.3669 0
      vertex 105.374 69.3669 3
    endloop
  endfacet
  facet normal -0.803415 0.59542 0
    outer loop
      vertex 105.875 69.9195 0
      vertex 106.319 70.5186 3
      vertex 106.319 70.5186 0
    endloop
  endfacet
  facet normal -0.803415 0.59542 0
    outer loop
      vertex 106.319 70.5186 3
      vertex 105.875 69.9195 0
      vertex 105.875 69.9195 3
    endloop
  endfacet
  facet normal 0.0490749 -0.998795 0
    outer loop
      vertex 99.2551 82.3043 0
      vertex 100 82.3409 3
      vertex 99.2551 82.3043 3
    endloop
  endfacet
  facet normal 0.0490749 -0.998795 0
    outer loop
      vertex 100 82.3409 3
      vertex 99.2551 82.3043 0
      vertex 100 82.3409 0
    endloop
  endfacet
  facet normal 0.427585 -0.903975 0
    outer loop
      vertex 96.4174 81.4435 0
      vertex 97.0916 81.7624 3
      vertex 96.4174 81.4435 3
    endloop
  endfacet
  facet normal 0.427585 -0.903975 0
    outer loop
      vertex 97.0916 81.7624 3
      vertex 96.4174 81.4435 0
      vertex 97.0916 81.7624 0
    endloop
  endfacet
  facet normal 0.59568 -0.803222 0
    outer loop
      vertex 95.1786 80.6158 0
      vertex 95.7777 81.0601 3
      vertex 95.1786 80.6158 3
    endloop
  endfacet
  facet normal 0.59568 -0.803222 0
    outer loop
      vertex 95.7777 81.0601 3
      vertex 95.1786 80.6158 0
      vertex 95.7777 81.0601 0
    endloop
  endfacet
  facet normal 0.989182 -0.146694 0
    outer loop
      vertex 92.4366 75.4859 3
      vertex 92.546 76.2236 0
      vertex 92.546 76.2236 3
    endloop
  endfacet
  facet normal 0.989182 -0.146694 0
    outer loop
      vertex 92.546 76.2236 0
      vertex 92.4366 75.4859 3
      vertex 92.4366 75.4859 0
    endloop
  endfacet
  facet normal 0.242946 0.97004 -0
    outer loop
      vertex 98.5173 67.287 0
      vertex 97.7938 67.4682 3
      vertex 98.5173 67.287 3
    endloop
  endfacet
  facet normal 0.242946 0.97004 0
    outer loop
      vertex 97.7938 67.4682 3
      vertex 98.5173 67.287 0
      vertex 97.7938 67.4682 0
    endloop
  endfacet
  facet normal -0.970103 -0.242693 0
    outer loop
      vertex 107.454 76.2236 0
      vertex 107.273 76.9471 3
      vertex 107.273 76.9471 0
    endloop
  endfacet
  facet normal -0.970103 -0.242693 0
    outer loop
      vertex 107.273 76.9471 3
      vertex 107.454 76.2236 0
      vertex 107.454 76.2236 3
    endloop
  endfacet
  facet normal -0.803367 -0.595484 0
    outer loop
      vertex 106.319 78.9633 0
      vertex 105.875 79.5623 3
      vertex 105.875 79.5623 0
    endloop
  endfacet
  facet normal -0.803367 -0.595484 0
    outer loop
      vertex 105.875 79.5623 3
      vertex 106.319 78.9633 0
      vertex 106.319 78.9633 3
    endloop
  endfacet
  facet normal 0.803222 0.59568 0
    outer loop
      vertex 94.1251 69.9195 3
      vertex 93.6808 70.5186 0
      vertex 93.6808 70.5186 3
    endloop
  endfacet
  facet normal 0.803222 0.59568 0
    outer loop
      vertex 93.6808 70.5186 0
      vertex 94.1251 69.9195 3
      vertex 94.1251 69.9195 0
    endloop
  endfacet
  facet normal 0.903975 0.427585 0
    outer loop
      vertex 93.2974 71.1583 3
      vertex 92.9785 71.8325 0
      vertex 92.9785 71.8325 3
    endloop
  endfacet
  facet normal 0.903975 0.427585 0
    outer loop
      vertex 92.9785 71.8325 0
      vertex 93.2974 71.1583 3
      vertex 93.2974 71.1583 0
    endloop
  endfacet
  facet normal -0.146636 -0.989191 0
    outer loop
      vertex 100.745 82.3043 0
      vertex 101.483 82.1949 3
      vertex 100.745 82.3043 3
    endloop
  endfacet
  facet normal -0.146636 -0.989191 -0
    outer loop
      vertex 101.483 82.1949 3
      vertex 100.745 82.3043 0
      vertex 101.483 82.1949 0
    endloop
  endfacet
  facet normal 0.427585 0.903975 -0
    outer loop
      vertex 97.0916 67.7194 0
      vertex 96.4174 68.0383 3
      vertex 97.0916 67.7194 3
    endloop
  endfacet
  facet normal 0.427585 0.903975 0
    outer loop
      vertex 96.4174 68.0383 3
      vertex 97.0916 67.7194 0
      vertex 96.4174 68.0383 0
    endloop
  endfacet
  facet normal -0.595657 0.803239 0
    outer loop
      vertex 104.821 68.866 0
      vertex 104.222 68.4218 3
      vertex 104.821 68.866 3
    endloop
  endfacet
  facet normal -0.595657 0.803239 0
    outer loop
      vertex 104.222 68.4218 3
      vertex 104.821 68.866 0
      vertex 104.222 68.4218 0
    endloop
  endfacet
  facet normal -0.998769 0.0496099 0
    outer loop
      vertex 107.563 73.996 0
      vertex 107.6 74.7409 3
      vertex 107.6 74.7409 0
    endloop
  endfacet
  facet normal -0.998769 0.0496099 0
    outer loop
      vertex 107.6 74.7409 3
      vertex 107.563 73.996 0
      vertex 107.563 73.996 3
    endloop
  endfacet
  facet normal 0.146675 -0.989185 0
    outer loop
      vertex 98.5173 82.1949 0
      vertex 99.2551 82.3043 3
      vertex 98.5173 82.1949 3
    endloop
  endfacet
  facet normal 0.146675 -0.989185 0
    outer loop
      vertex 99.2551 82.3043 3
      vertex 98.5173 82.1949 0
      vertex 99.2551 82.3043 0
    endloop
  endfacet
  facet normal 0.989185 0.146675 0
    outer loop
      vertex 92.546 73.2582 3
      vertex 92.4366 73.996 0
      vertex 92.4366 73.996 3
    endloop
  endfacet
  facet normal 0.989185 0.146675 0
    outer loop
      vertex 92.4366 73.996 0
      vertex 92.546 73.2582 3
      vertex 92.546 73.2582 0
    endloop
  endfacet
  facet normal -0.336914 0.941535 0
    outer loop
      vertex 102.908 67.7194 0
      vertex 102.206 67.4682 3
      vertex 102.908 67.7194 3
    endloop
  endfacet
  facet normal -0.336914 0.941535 0
    outer loop
      vertex 102.206 67.4682 3
      vertex 102.908 67.7194 0
      vertex 102.206 67.4682 0
    endloop
  endfacet
  facet normal -0.243104 0.97 0
    outer loop
      vertex 102.206 67.4682 0
      vertex 101.483 67.287 3
      vertex 102.206 67.4682 3
    endloop
  endfacet
  facet normal -0.243104 0.97 0
    outer loop
      vertex 101.483 67.287 3
      vertex 102.206 67.4682 0
      vertex 101.483 67.287 0
    endloop
  endfacet
  facet normal 0.740916 0.671598 0
    outer loop
      vertex 94.626 69.3669 3
      vertex 94.1251 69.9195 0
      vertex 94.1251 69.9195 3
    endloop
  endfacet
  facet normal 0.740916 0.671598 0
    outer loop
      vertex 94.1251 69.9195 0
      vertex 94.626 69.3669 3
      vertex 94.626 69.3669 0
    endloop
  endfacet
  facet normal 0.903975 -0.427585 0
    outer loop
      vertex 92.9785 77.6493 3
      vertex 93.2974 78.3235 0
      vertex 93.2974 78.3235 3
    endloop
  endfacet
  facet normal 0.903975 -0.427585 0
    outer loop
      vertex 93.2974 78.3235 0
      vertex 92.9785 77.6493 3
      vertex 92.9785 77.6493 0
    endloop
  endfacet
  facet normal 0.595593 0.803286 -0
    outer loop
      vertex 95.7777 68.4218 0
      vertex 95.1786 68.866 3
      vertex 95.7777 68.4218 3
    endloop
  endfacet
  facet normal 0.595593 0.803286 0
    outer loop
      vertex 95.1786 68.866 3
      vertex 95.7777 68.4218 0
      vertex 95.1786 68.866 0
    endloop
  endfacet
  facet normal -0.904441 0.426598 0
    outer loop
      vertex 106.703 71.1583 0
      vertex 107.021 71.8325 3
      vertex 107.021 71.8325 0
    endloop
  endfacet
  facet normal -0.904441 0.426598 0
    outer loop
      vertex 107.021 71.8325 3
      vertex 106.703 71.1583 0
      vertex 106.703 71.1583 3
    endloop
  endfacet
  facet normal -0.857386 0.514673 0
    outer loop
      vertex 106.319 70.5186 0
      vertex 106.703 71.1583 3
      vertex 106.703 71.1583 0
    endloop
  endfacet
  facet normal -0.857386 0.514673 0
    outer loop
      vertex 106.703 71.1583 3
      vertex 106.319 70.5186 0
      vertex 106.319 70.5186 3
    endloop
  endfacet
  facet normal 0.0490749 0.998795 -0
    outer loop
      vertex 100 67.1409 0
      vertex 99.2551 67.1775 3
      vertex 100 67.1409 3
    endloop
  endfacet
  facet normal 0.0490749 0.998795 0
    outer loop
      vertex 99.2551 67.1775 3
      vertex 100 67.1409 0
      vertex 99.2551 67.1775 0
    endloop
  endfacet
  facet normal 0.998795 -0.0490683 0
    outer loop
      vertex 92.4 74.7409 3
      vertex 92.4366 75.4859 0
      vertex 92.4366 75.4859 3
    endloop
  endfacet
  facet normal 0.998795 -0.0490683 0
    outer loop
      vertex 92.4366 75.4859 0
      vertex 92.4 74.7409 3
      vertex 92.4 74.7409 0
    endloop
  endfacet
  facet normal -0.671331 0.741158 0
    outer loop
      vertex 105.374 69.3669 0
      vertex 104.821 68.866 3
      vertex 105.374 69.3669 3
    endloop
  endfacet
  facet normal -0.671331 0.741158 0
    outer loop
      vertex 104.821 68.866 3
      vertex 105.374 69.3669 0
      vertex 104.821 68.866 0
    endloop
  endfacet
  facet normal 0.146682 0 0.989184
    outer loop
      vertex 98.81 3 19.0172
      vertex 99.4021 0 18.9294
      vertex 99.4021 3 18.9294
    endloop
  endfacet
  facet normal 0.146682 0 0.989184
    outer loop
      vertex 99.4021 0 18.9294
      vertex 98.81 3 19.0172
      vertex 98.81 0 19.0172
    endloop
  endfacet
  facet normal -0.989139 0 0.146984
    outer loop
      vertex 105.983 0 23.8099
      vertex 106.071 3 24.4021
      vertex 105.983 3 23.8099
    endloop
  endfacet
  facet normal -0.989139 0 0.146984
    outer loop
      vertex 106.071 3 24.4021
      vertex 105.983 0 23.8099
      vertex 106.071 0 24.4021
    endloop
  endfacet
  facet normal -0.998826 0 0.0484461
    outer loop
      vertex 106.071 0 24.4021
      vertex 106.1 3 25
      vertex 106.071 3 24.4021
    endloop
  endfacet
  facet normal -0.998826 0 0.0484461
    outer loop
      vertex 106.1 3 25
      vertex 106.071 0 24.4021
      vertex 106.1 0 25
    endloop
  endfacet
  facet normal -0.969808 0 0.243872
    outer loop
      vertex 105.837 0 23.2293
      vertex 105.983 3 23.8099
      vertex 105.837 3 23.2293
    endloop
  endfacet
  facet normal -0.969808 0 0.243872
    outer loop
      vertex 105.983 3 23.8099
      vertex 105.837 0 23.2293
      vertex 105.983 0 23.8099
    endloop
  endfacet
  facet normal -0.998826 0 -0.0484461
    outer loop
      vertex 106.1 0 25
      vertex 106.071 3 25.5979
      vertex 106.1 3 25
    endloop
  endfacet
  facet normal -0.998826 -0 -0.0484461
    outer loop
      vertex 106.071 3 25.5979
      vertex 106.1 0 25
      vertex 106.071 0 25.5979
    endloop
  endfacet
  facet normal 0.336749 0 0.941594
    outer loop
      vertex 97.6656 3 19.3643
      vertex 98.2293 0 19.1627
      vertex 98.2293 3 19.1627
    endloop
  endfacet
  facet normal 0.336749 0 0.941594
    outer loop
      vertex 98.2293 0 19.1627
      vertex 97.6656 3 19.3643
      vertex 97.6656 0 19.3643
    endloop
  endfacet
  facet normal -0.941912 0 -0.33586
    outer loop
      vertex 105.837 0 26.7707
      vertex 105.636 3 27.3344
      vertex 105.837 3 26.7707
    endloop
  endfacet
  facet normal -0.941912 -0 -0.33586
    outer loop
      vertex 105.636 3 27.3344
      vertex 105.837 0 26.7707
      vertex 105.636 0 27.3344
    endloop
  endfacet
  facet normal -0.672007 0 -0.740545
    outer loop
      vertex 103.87 0 29.7154
      vertex 104.313 3 29.3134
      vertex 104.313 0 29.3134
    endloop
  endfacet
  facet normal -0.672007 0 -0.740545
    outer loop
      vertex 104.313 3 29.3134
      vertex 103.87 0 29.7154
      vertex 103.87 3 29.7154
    endloop
  endfacet
  facet normal -0.33712 0 0.941462
    outer loop
      vertex 101.771 3 19.1627
      vertex 102.334 0 19.3643
      vertex 102.334 3 19.3643
    endloop
  endfacet
  facet normal -0.33712 0 0.941462
    outer loop
      vertex 102.334 0 19.3643
      vertex 101.771 3 19.1627
      vertex 101.771 0 19.1627
    endloop
  endfacet
  facet normal -0.802876 0 0.596146
    outer loop
      vertex 104.715 0 21.1302
      vertex 105.072 3 21.611
      vertex 104.715 3 21.1302
    endloop
  endfacet
  facet normal -0.802876 0 0.596146
    outer loop
      vertex 105.072 3 21.611
      vertex 104.715 0 21.1302
      vertex 105.072 0 21.611
    endloop
  endfacet
  facet normal -0.514373 0 0.857567
    outer loop
      vertex 102.876 3 19.6203
      vertex 103.389 0 19.928
      vertex 103.389 3 19.928
    endloop
  endfacet
  facet normal -0.514373 0 0.857567
    outer loop
      vertex 103.389 0 19.928
      vertex 102.876 3 19.6203
      vertex 102.876 0 19.6203
    endloop
  endfacet
  facet normal 0.146682 0 -0.989184
    outer loop
      vertex 98.81 0 30.9828
      vertex 99.4021 3 31.0706
      vertex 99.4021 0 31.0706
    endloop
  endfacet
  facet normal 0.146682 0 -0.989184
    outer loop
      vertex 99.4021 3 31.0706
      vertex 98.81 0 30.9828
      vertex 98.81 3 30.9828
    endloop
  endfacet
  facet normal 0.857788 0 -0.514004
    outer loop
      vertex 94.928 0 28.389
      vertex 94.6203 3 27.8755
      vertex 94.928 3 28.389
    endloop
  endfacet
  facet normal 0.857788 0 -0.514004
    outer loop
      vertex 94.6203 3 27.8755
      vertex 94.928 0 28.389
      vertex 94.6203 0 27.8755
    endloop
  endfacet
  facet normal -0.740997 0 -0.671508
    outer loop
      vertex 104.715 0 28.8698
      vertex 104.313 3 29.3134
      vertex 104.715 3 28.8698
    endloop
  endfacet
  facet normal -0.740997 -0 -0.671508
    outer loop
      vertex 104.313 3 29.3134
      vertex 104.715 0 28.8698
      vertex 104.313 0 29.3134
    endloop
  endfacet
  facet normal 0.970005 -0 0.243086
    outer loop
      vertex 94.0172 0 23.8099
      vertex 94.1627 3 23.2293
      vertex 94.0172 3 23.8099
    endloop
  endfacet
  facet normal 0.970005 0 0.243086
    outer loop
      vertex 94.1627 3 23.2293
      vertex 94.0172 0 23.8099
      vertex 94.1627 0 23.2293
    endloop
  endfacet
  facet normal 0.243047 0 0.970015
    outer loop
      vertex 98.2293 3 19.1627
      vertex 98.81 0 19.0172
      vertex 98.81 3 19.0172
    endloop
  endfacet
  facet normal 0.243047 0 0.970015
    outer loop
      vertex 98.81 0 19.0172
      vertex 98.2293 3 19.1627
      vertex 98.2293 0 19.1627
    endloop
  endfacet
  facet normal 0.427663 0 0.903938
    outer loop
      vertex 97.1245 3 19.6203
      vertex 97.6656 0 19.3643
      vertex 97.6656 3 19.3643
    endloop
  endfacet
  facet normal 0.427663 0 0.903938
    outer loop
      vertex 97.6656 0 19.3643
      vertex 97.1245 3 19.6203
      vertex 97.1245 0 19.6203
    endloop
  endfacet
  facet normal -0.903938 0 -0.427663
    outer loop
      vertex 105.636 0 27.3344
      vertex 105.38 3 27.8755
      vertex 105.636 3 27.3344
    endloop
  endfacet
  facet normal -0.903938 -0 -0.427663
    outer loop
      vertex 105.38 3 27.8755
      vertex 105.636 0 27.3344
      vertex 105.38 0 27.8755
    endloop
  endfacet
  facet normal 0.803196 0 -0.595715
    outer loop
      vertex 95.2846 0 28.8698
      vertex 94.928 3 28.389
      vertex 95.2846 3 28.8698
    endloop
  endfacet
  facet normal 0.803196 0 -0.595715
    outer loop
      vertex 94.928 3 28.389
      vertex 95.2846 0 28.8698
      vertex 94.928 0 28.389
    endloop
  endfacet
  facet normal -0.989139 0 -0.146984
    outer loop
      vertex 106.071 0 25.5979
      vertex 105.983 3 26.1901
      vertex 106.071 3 25.5979
    endloop
  endfacet
  facet normal -0.989139 -0 -0.146984
    outer loop
      vertex 105.983 3 26.1901
      vertex 106.071 0 25.5979
      vertex 105.983 0 26.1901
    endloop
  endfacet
  facet normal 0.514004 0 -0.857788
    outer loop
      vertex 96.611 0 30.072
      vertex 97.1245 3 30.3797
      vertex 97.1245 0 30.3797
    endloop
  endfacet
  facet normal 0.514004 0 -0.857788
    outer loop
      vertex 97.1245 3 30.3797
      vertex 96.611 0 30.072
      vertex 96.611 3 30.072
    endloop
  endfacet
  facet normal -0.0491046 0 0.998794
    outer loop
      vertex 100 3 18.9
      vertex 100.598 0 18.9294
      vertex 100.598 3 18.9294
    endloop
  endfacet
  facet normal -0.0491046 0 0.998794
    outer loop
      vertex 100.598 0 18.9294
      vertex 100 3 18.9
      vertex 100 0 18.9
    endloop
  endfacet
  facet normal 0.989187 -0 0.146658
    outer loop
      vertex 93.9294 0 24.4021
      vertex 94.0172 3 23.8099
      vertex 93.9294 3 24.4021
    endloop
  endfacet
  facet normal 0.989187 0 0.146658
    outer loop
      vertex 94.0172 3 23.8099
      vertex 93.9294 0 24.4021
      vertex 94.0172 0 23.8099
    endloop
  endfacet
  facet normal 0.427663 0 -0.903938
    outer loop
      vertex 97.1245 0 30.3797
      vertex 97.6656 3 30.6357
      vertex 97.6656 0 30.6357
    endloop
  endfacet
  facet normal 0.427663 0 -0.903938
    outer loop
      vertex 97.6656 3 30.6357
      vertex 97.1245 0 30.3797
      vertex 97.1245 3 30.3797
    endloop
  endfacet
  facet normal 0.336749 0 -0.941594
    outer loop
      vertex 97.6656 0 30.6357
      vertex 98.2293 3 30.8373
      vertex 98.2293 0 30.8373
    endloop
  endfacet
  facet normal 0.336749 0 -0.941594
    outer loop
      vertex 98.2293 3 30.8373
      vertex 97.6656 0 30.6357
      vertex 97.6656 3 30.6357
    endloop
  endfacet
  facet normal -0.672007 0 0.740545
    outer loop
      vertex 103.87 3 20.2846
      vertex 104.313 0 20.6866
      vertex 104.313 3 20.6866
    endloop
  endfacet
  facet normal -0.672007 0 0.740545
    outer loop
      vertex 104.313 0 20.6866
      vertex 103.87 3 20.2846
      vertex 103.87 0 20.2846
    endloop
  endfacet
  facet normal -0.146706 0 -0.98918
    outer loop
      vertex 100.598 0 31.0706
      vertex 101.19 3 30.9828
      vertex 101.19 0 30.9828
    endloop
  endfacet
  facet normal -0.146706 0 -0.98918
    outer loop
      vertex 101.19 3 30.9828
      vertex 100.598 0 31.0706
      vertex 100.598 3 31.0706
    endloop
  endfacet
  facet normal -0.802876 0 -0.596146
    outer loop
      vertex 105.072 0 28.389
      vertex 104.715 3 28.8698
      vertex 105.072 3 28.389
    endloop
  endfacet
  facet normal -0.802876 -0 -0.596146
    outer loop
      vertex 104.715 3 28.8698
      vertex 105.072 0 28.389
      vertex 104.715 0 28.8698
    endloop
  endfacet
  facet normal -0.427082 0 0.904213
    outer loop
      vertex 102.334 3 19.3643
      vertex 102.876 0 19.6203
      vertex 102.876 3 19.6203
    endloop
  endfacet
  facet normal -0.427082 0 0.904213
    outer loop
      vertex 102.876 0 19.6203
      vertex 102.334 3 19.3643
      vertex 102.334 0 19.3643
    endloop
  endfacet
  facet normal -0.595555 0 -0.803315
    outer loop
      vertex 103.389 0 30.072
      vertex 103.87 3 29.7154
      vertex 103.87 0 29.7154
    endloop
  endfacet
  facet normal -0.595555 0 -0.803315
    outer loop
      vertex 103.87 3 29.7154
      vertex 103.389 0 30.072
      vertex 103.389 3 30.072
    endloop
  endfacet
  facet normal -0.146706 0 0.98918
    outer loop
      vertex 100.598 3 18.9294
      vertex 101.19 0 19.0172
      vertex 101.19 3 19.0172
    endloop
  endfacet
  facet normal -0.146706 0 0.98918
    outer loop
      vertex 101.19 0 19.0172
      vertex 100.598 3 18.9294
      vertex 100.598 0 18.9294
    endloop
  endfacet
  facet normal 0.970005 0 -0.243086
    outer loop
      vertex 94.1627 0 26.7707
      vertex 94.0172 3 26.1901
      vertex 94.1627 3 26.7707
    endloop
  endfacet
  facet normal 0.970005 0 -0.243086
    outer loop
      vertex 94.0172 3 26.1901
      vertex 94.1627 0 26.7707
      vertex 94.0172 0 26.1901
    endloop
  endfacet
  facet normal 0.0491128 0 0.998793
    outer loop
      vertex 99.4021 3 18.9294
      vertex 100 0 18.9
      vertex 100 3 18.9
    endloop
  endfacet
  facet normal 0.0491128 0 0.998793
    outer loop
      vertex 100 0 18.9
      vertex 99.4021 3 18.9294
      vertex 99.4021 0 18.9294
    endloop
  endfacet
  facet normal -0.740997 0 0.671508
    outer loop
      vertex 104.313 0 20.6866
      vertex 104.715 3 21.1302
      vertex 104.313 3 20.6866
    endloop
  endfacet
  facet normal -0.740997 0 0.671508
    outer loop
      vertex 104.715 3 21.1302
      vertex 104.313 0 20.6866
      vertex 104.715 0 21.1302
    endloop
  endfacet
  facet normal 0.903938 -0 0.427663
    outer loop
      vertex 94.3643 0 22.6656
      vertex 94.6203 3 22.1245
      vertex 94.3643 3 22.6656
    endloop
  endfacet
  facet normal 0.903938 0 0.427663
    outer loop
      vertex 94.6203 3 22.1245
      vertex 94.3643 0 22.6656
      vertex 94.6203 0 22.1245
    endloop
  endfacet
  facet normal -0.595555 0 0.803315
    outer loop
      vertex 103.389 3 19.928
      vertex 103.87 0 20.2846
      vertex 103.87 3 20.2846
    endloop
  endfacet
  facet normal -0.595555 0 0.803315
    outer loop
      vertex 103.87 0 20.2846
      vertex 103.389 3 19.928
      vertex 103.389 0 19.928
    endloop
  endfacet
  facet normal -0.427082 0 -0.904213
    outer loop
      vertex 102.334 0 30.6357
      vertex 102.876 3 30.3797
      vertex 102.876 0 30.3797
    endloop
  endfacet
  facet normal -0.427082 0 -0.904213
    outer loop
      vertex 102.876 3 30.3797
      vertex 102.334 0 30.6357
      vertex 102.334 3 30.6357
    endloop
  endfacet
  facet normal -0.941912 0 0.33586
    outer loop
      vertex 105.636 0 22.6656
      vertex 105.837 3 23.2293
      vertex 105.636 3 22.6656
    endloop
  endfacet
  facet normal -0.941912 0 0.33586
    outer loop
      vertex 105.837 3 23.2293
      vertex 105.636 0 22.6656
      vertex 105.837 0 23.2293
    endloop
  endfacet
  facet normal 0.671508 0 0.740997
    outer loop
      vertex 95.6866 3 20.6866
      vertex 96.1302 0 20.2846
      vertex 96.1302 3 20.2846
    endloop
  endfacet
  facet normal 0.671508 0 0.740997
    outer loop
      vertex 96.1302 0 20.2846
      vertex 95.6866 3 20.6866
      vertex 95.6866 0 20.6866
    endloop
  endfacet
  facet normal -0.903938 0 0.427663
    outer loop
      vertex 105.38 0 22.1245
      vertex 105.636 3 22.6656
      vertex 105.38 3 22.1245
    endloop
  endfacet
  facet normal -0.903938 0 0.427663
    outer loop
      vertex 105.636 3 22.6656
      vertex 105.38 0 22.1245
      vertex 105.636 0 22.6656
    endloop
  endfacet
  facet normal -0.969808 0 -0.243872
    outer loop
      vertex 105.983 0 26.1901
      vertex 105.837 3 26.7707
      vertex 105.983 3 26.1901
    endloop
  endfacet
  facet normal -0.969808 -0 -0.243872
    outer loop
      vertex 105.837 3 26.7707
      vertex 105.983 0 26.1901
      vertex 105.837 0 26.7707
    endloop
  endfacet
  facet normal -0.857567 0 0.514373
    outer loop
      vertex 105.072 0 21.611
      vertex 105.38 3 22.1245
      vertex 105.072 3 21.611
    endloop
  endfacet
  facet normal -0.857567 0 0.514373
    outer loop
      vertex 105.38 3 22.1245
      vertex 105.072 0 21.611
      vertex 105.38 0 22.1245
    endloop
  endfacet
  facet normal 0.941594 0 -0.336749
    outer loop
      vertex 94.3643 0 27.3344
      vertex 94.1627 3 26.7707
      vertex 94.3643 3 27.3344
    endloop
  endfacet
  facet normal 0.941594 0 -0.336749
    outer loop
      vertex 94.1627 3 26.7707
      vertex 94.3643 0 27.3344
      vertex 94.1627 0 26.7707
    endloop
  endfacet
  facet normal -0.242928 0 0.970044
    outer loop
      vertex 101.19 3 19.0172
      vertex 101.771 0 19.1627
      vertex 101.771 3 19.1627
    endloop
  endfacet
  facet normal -0.242928 0 0.970044
    outer loop
      vertex 101.771 0 19.1627
      vertex 101.19 3 19.0172
      vertex 101.19 0 19.0172
    endloop
  endfacet
  facet normal 0.740997 0 -0.671508
    outer loop
      vertex 95.6866 0 29.3134
      vertex 95.2846 3 28.8698
      vertex 95.6866 3 29.3134
    endloop
  endfacet
  facet normal 0.740997 0 -0.671508
    outer loop
      vertex 95.2846 3 28.8698
      vertex 95.6866 0 29.3134
      vertex 95.2846 0 28.8698
    endloop
  endfacet
  facet normal 0.595715 0 -0.803196
    outer loop
      vertex 96.1302 0 29.7154
      vertex 96.611 3 30.072
      vertex 96.611 0 30.072
    endloop
  endfacet
  facet normal 0.595715 0 -0.803196
    outer loop
      vertex 96.611 3 30.072
      vertex 96.1302 0 29.7154
      vertex 96.1302 3 29.7154
    endloop
  endfacet
  facet normal -0.33712 0 -0.941462
    outer loop
      vertex 101.771 0 30.8373
      vertex 102.334 3 30.6357
      vertex 102.334 0 30.6357
    endloop
  endfacet
  facet normal -0.33712 0 -0.941462
    outer loop
      vertex 102.334 3 30.6357
      vertex 101.771 0 30.8373
      vertex 101.771 3 30.8373
    endloop
  endfacet
  facet normal 0.671508 0 -0.740997
    outer loop
      vertex 95.6866 0 29.3134
      vertex 96.1302 3 29.7154
      vertex 96.1302 0 29.7154
    endloop
  endfacet
  facet normal 0.671508 0 -0.740997
    outer loop
      vertex 96.1302 3 29.7154
      vertex 95.6866 0 29.3134
      vertex 95.6866 3 29.3134
    endloop
  endfacet
  facet normal 0.740997 -0 0.671508
    outer loop
      vertex 95.2846 0 21.1302
      vertex 95.6866 3 20.6866
      vertex 95.2846 3 21.1302
    endloop
  endfacet
  facet normal 0.740997 0 0.671508
    outer loop
      vertex 95.6866 3 20.6866
      vertex 95.2846 0 21.1302
      vertex 95.6866 0 20.6866
    endloop
  endfacet
  facet normal 0.998793 0 -0.0491128
    outer loop
      vertex 93.9294 0 25.5979
      vertex 93.9 3 25
      vertex 93.9294 3 25.5979
    endloop
  endfacet
  facet normal 0.998793 0 -0.0491128
    outer loop
      vertex 93.9 3 25
      vertex 93.9294 0 25.5979
      vertex 93.9 0 25
    endloop
  endfacet
  facet normal 0.989187 0 -0.146658
    outer loop
      vertex 94.0172 0 26.1901
      vertex 93.9294 3 25.5979
      vertex 94.0172 3 26.1901
    endloop
  endfacet
  facet normal 0.989187 0 -0.146658
    outer loop
      vertex 93.9294 3 25.5979
      vertex 94.0172 0 26.1901
      vertex 93.9294 0 25.5979
    endloop
  endfacet
  facet normal -0.0491046 0 -0.998794
    outer loop
      vertex 100 0 31.1
      vertex 100.598 3 31.0706
      vertex 100.598 0 31.0706
    endloop
  endfacet
  facet normal -0.0491046 0 -0.998794
    outer loop
      vertex 100.598 3 31.0706
      vertex 100 0 31.1
      vertex 100 3 31.1
    endloop
  endfacet
  facet normal 0.803196 -0 0.595715
    outer loop
      vertex 94.928 0 21.611
      vertex 95.2846 3 21.1302
      vertex 94.928 3 21.611
    endloop
  endfacet
  facet normal 0.803196 0 0.595715
    outer loop
      vertex 95.2846 3 21.1302
      vertex 94.928 0 21.611
      vertex 95.2846 0 21.1302
    endloop
  endfacet
  facet normal 0.595715 0 0.803196
    outer loop
      vertex 96.1302 3 20.2846
      vertex 96.611 0 19.928
      vertex 96.611 3 19.928
    endloop
  endfacet
  facet normal 0.595715 0 0.803196
    outer loop
      vertex 96.611 0 19.928
      vertex 96.1302 3 20.2846
      vertex 96.1302 0 20.2846
    endloop
  endfacet
  facet normal 0.0491128 0 -0.998793
    outer loop
      vertex 99.4021 0 31.0706
      vertex 100 3 31.1
      vertex 100 0 31.1
    endloop
  endfacet
  facet normal 0.0491128 0 -0.998793
    outer loop
      vertex 100 3 31.1
      vertex 99.4021 0 31.0706
      vertex 99.4021 3 31.0706
    endloop
  endfacet
  facet normal -0.514373 0 -0.857567
    outer loop
      vertex 102.876 0 30.3797
      vertex 103.389 3 30.072
      vertex 103.389 0 30.072
    endloop
  endfacet
  facet normal -0.514373 0 -0.857567
    outer loop
      vertex 103.389 3 30.072
      vertex 102.876 0 30.3797
      vertex 102.876 3 30.3797
    endloop
  endfacet
  facet normal -0.857567 0 -0.514373
    outer loop
      vertex 105.38 0 27.8755
      vertex 105.072 3 28.389
      vertex 105.38 3 27.8755
    endloop
  endfacet
  facet normal -0.857567 -0 -0.514373
    outer loop
      vertex 105.072 3 28.389
      vertex 105.38 0 27.8755
      vertex 105.072 0 28.389
    endloop
  endfacet
  facet normal -0.242928 0 -0.970044
    outer loop
      vertex 101.19 0 30.9828
      vertex 101.771 3 30.8373
      vertex 101.771 0 30.8373
    endloop
  endfacet
  facet normal -0.242928 0 -0.970044
    outer loop
      vertex 101.771 3 30.8373
      vertex 101.19 0 30.9828
      vertex 101.19 3 30.9828
    endloop
  endfacet
  facet normal 0.514004 0 0.857788
    outer loop
      vertex 96.611 3 19.928
      vertex 97.1245 0 19.6203
      vertex 97.1245 3 19.6203
    endloop
  endfacet
  facet normal 0.514004 0 0.857788
    outer loop
      vertex 97.1245 0 19.6203
      vertex 96.611 3 19.928
      vertex 96.611 0 19.928
    endloop
  endfacet
  facet normal 0.941594 -0 0.336749
    outer loop
      vertex 94.1627 0 23.2293
      vertex 94.3643 3 22.6656
      vertex 94.1627 3 23.2293
    endloop
  endfacet
  facet normal 0.941594 0 0.336749
    outer loop
      vertex 94.3643 3 22.6656
      vertex 94.1627 0 23.2293
      vertex 94.3643 0 22.6656
    endloop
  endfacet
  facet normal 0.998793 -0 0.0491128
    outer loop
      vertex 93.9 0 25
      vertex 93.9294 3 24.4021
      vertex 93.9 3 25
    endloop
  endfacet
  facet normal 0.998793 0 0.0491128
    outer loop
      vertex 93.9294 3 24.4021
      vertex 93.9 0 25
      vertex 93.9294 0 24.4021
    endloop
  endfacet
  facet normal 0.243047 0 -0.970015
    outer loop
      vertex 98.2293 0 30.8373
      vertex 98.81 3 30.9828
      vertex 98.81 0 30.9828
    endloop
  endfacet
  facet normal 0.243047 0 -0.970015
    outer loop
      vertex 98.81 3 30.9828
      vertex 98.2293 0 30.8373
      vertex 98.2293 3 30.8373
    endloop
  endfacet
  facet normal 0.903938 0 -0.427663
    outer loop
      vertex 94.6203 0 27.8755
      vertex 94.3643 3 27.3344
      vertex 94.6203 3 27.8755
    endloop
  endfacet
  facet normal 0.903938 0 -0.427663
    outer loop
      vertex 94.3643 3 27.3344
      vertex 94.6203 0 27.8755
      vertex 94.3643 0 27.3344
    endloop
  endfacet
  facet normal 0.857788 -0 0.514004
    outer loop
      vertex 94.6203 0 22.1245
      vertex 94.928 3 21.611
      vertex 94.6203 3 22.1245
    endloop
  endfacet
  facet normal 0.857788 0 0.514004
    outer loop
      vertex 94.928 3 21.611
      vertex 94.6203 0 22.1245
      vertex 94.928 0 21.611
    endloop
  endfacet
  facet normal 0 0.903974 -0.427587
    outer loop
      vertex 200 84.4405 27.7171
      vertex 197 84.7384 28.3469
      vertex 200 84.7384 28.3469
    endloop
  endfacet
  facet normal 0 0.903974 -0.427587
    outer loop
      vertex 197 84.7384 28.3469
      vertex 200 84.4405 27.7171
      vertex 197 84.4405 27.7171
    endloop
  endfacet
  facet normal 0 -0.803277 0.595605
    outer loop
      vertex 197 114.488 20.4958
      vertex 200 114.903 21.0555
      vertex 197 114.903 21.0555
    endloop
  endfacet
  facet normal 0 -0.803277 0.595605
    outer loop
      vertex 200 114.903 21.0555
      vertex 197 114.488 20.4958
      vertex 200 114.488 20.4958
    endloop
  endfacet
  facet normal 0 -0.857214 0.51496
    outer loop
      vertex 197 114.903 21.0555
      vertex 200 115.262 21.6531
      vertex 197 115.262 21.6531
    endloop
  endfacet
  facet normal 0 -0.857214 0.51496
    outer loop
      vertex 200 115.262 21.6531
      vertex 197 114.903 21.0555
      vertex 200 114.903 21.0555
    endloop
  endfacet
  facet normal 0 -0.671736 -0.74079
    outer loop
      vertex 197 113.504 30.4884
      vertex 200 114.02 30.0205
      vertex 200 113.504 30.4884
    endloop
  endfacet
  facet normal -0 -0.671736 -0.74079
    outer loop
      vertex 200 114.02 30.0205
      vertex 197 113.504 30.4884
      vertex 197 114.02 30.0205
    endloop
  endfacet
  facet normal 0 -0.146726 -0.989177
    outer loop
      vertex 197 109.696 32.0658
      vertex 200 110.385 31.9636
      vertex 200 109.696 32.0658
    endloop
  endfacet
  facet normal -0 -0.146726 -0.989177
    outer loop
      vertex 200 110.385 31.9636
      vertex 197 109.696 32.0658
      vertex 197 110.385 31.9636
    endloop
  endfacet
  facet normal 0 -0.596086 0.802921
    outer loop
      vertex 197 113.504 19.5116
      vertex 200 112.945 19.0966
      vertex 200 113.504 19.5116
    endloop
  endfacet
  facet normal 0 -0.596086 0.802921
    outer loop
      vertex 200 112.945 19.0966
      vertex 197 113.504 19.5116
      vertex 197 112.945 19.0966
    endloop
  endfacet
  facet normal 0 0.595605 -0.803277
    outer loop
      vertex 197 86.4958 30.4884
      vertex 200 87.0555 30.9034
      vertex 200 86.4958 30.4884
    endloop
  endfacet
  facet normal 0 0.595605 -0.803277
    outer loop
      vertex 200 87.0555 30.9034
      vertex 197 86.4958 30.4884
      vertex 197 87.0555 30.9034
    endloop
  endfacet
  facet normal 0 -0.941888 0.335927
    outer loop
      vertex 197 115.56 22.2829
      vertex 200 115.794 22.939
      vertex 197 115.794 22.939
    endloop
  endfacet
  facet normal 0 -0.941888 0.335927
    outer loop
      vertex 200 115.794 22.939
      vertex 197 115.56 22.2829
      vertex 200 115.56 22.2829
    endloop
  endfacet
  facet normal 0 -0.427476 0.904027
    outer loop
      vertex 197 112.347 18.7384
      vertex 200 111.717 18.4405
      vertex 200 112.347 18.7384
    endloop
  endfacet
  facet normal 0 -0.427476 0.904027
    outer loop
      vertex 200 111.717 18.4405
      vertex 197 112.347 18.7384
      vertex 197 111.717 18.4405
    endloop
  endfacet
  facet normal 0 0.998795 -0.0490858
    outer loop
      vertex 200 83.9 25
      vertex 197 83.9342 25.6959
      vertex 200 83.9342 25.6959
    endloop
  endfacet
  facet normal 0 0.998795 -0.0490858
    outer loop
      vertex 197 83.9342 25.6959
      vertex 200 83.9 25
      vertex 197 83.9 25
    endloop
  endfacet
  facet normal 0 -0.989225 -0.146403
    outer loop
      vertex 197 116.066 25.6959
      vertex 200 115.964 26.3851
      vertex 197 115.964 26.3851
    endloop
  endfacet
  facet normal 0 -0.989225 -0.146403
    outer loop
      vertex 200 115.964 26.3851
      vertex 197 116.066 25.6959
      vertex 200 116.066 25.6959
    endloop
  endfacet
  facet normal 0 -0.998809 0.0487994
    outer loop
      vertex 197 116.066 24.3041
      vertex 200 116.1 25
      vertex 197 116.1 25
    endloop
  endfacet
  facet normal 0 -0.998809 0.0487994
    outer loop
      vertex 200 116.1 25
      vertex 197 116.066 24.3041
      vertex 200 116.066 24.3041
    endloop
  endfacet
  facet normal 0 0.941524 0.336945
    outer loop
      vertex 200 84.4405 22.2829
      vertex 197 84.2057 22.939
      vertex 200 84.2057 22.939
    endloop
  endfacet
  facet normal 0 0.941524 0.336945
    outer loop
      vertex 197 84.2057 22.939
      vertex 200 84.4405 22.2829
      vertex 197 84.4405 22.2829
    endloop
  endfacet
  facet normal 0 0.998795 0.0490858
    outer loop
      vertex 200 83.9342 24.3041
      vertex 197 83.9 25
      vertex 200 83.9 25
    endloop
  endfacet
  facet normal 0 0.998795 0.0490858
    outer loop
      vertex 197 83.9 25
      vertex 200 83.9342 24.3041
      vertex 197 83.9342 24.3041
    endloop
  endfacet
  facet normal 0 0 -1
    outer loop
      vertex 197 91 32.1
      vertex 200 109 32.1
      vertex 200 91 32.1
    endloop
  endfacet
  facet normal -0 0 -1
    outer loop
      vertex 200 109 32.1
      vertex 197 91 32.1
      vertex 197 109 32.1
    endloop
  endfacet
  facet normal 0 -0.671736 0.74079
    outer loop
      vertex 197 114.02 19.9795
      vertex 200 113.504 19.5116
      vertex 200 114.02 19.9795
    endloop
  endfacet
  facet normal 0 -0.671736 0.74079
    outer loop
      vertex 200 113.504 19.5116
      vertex 197 114.02 19.9795
      vertex 197 113.504 19.5116
    endloop
  endfacet
  facet normal 0 -0.803277 -0.595605
    outer loop
      vertex 197 114.903 28.9445
      vertex 200 114.488 29.5042
      vertex 197 114.488 29.5042
    endloop
  endfacet
  facet normal 0 -0.803277 -0.595605
    outer loop
      vertex 200 114.488 29.5042
      vertex 197 114.903 28.9445
      vertex 200 114.903 28.9445
    endloop
  endfacet
  facet normal 0 -0.146726 0.989177
    outer loop
      vertex 197 110.385 18.0364
      vertex 200 109.696 17.9342
      vertex 200 110.385 18.0364
    endloop
  endfacet
  facet normal 0 -0.146726 0.989177
    outer loop
      vertex 200 109.696 17.9342
      vertex 197 110.385 18.0364
      vertex 197 109.696 17.9342
    endloop
  endfacet
  facet normal 0 -0.903919 0.427704
    outer loop
      vertex 197 115.262 21.6531
      vertex 200 115.56 22.2829
      vertex 197 115.56 22.2829
    endloop
  endfacet
  facet normal 0 -0.903919 0.427704
    outer loop
      vertex 200 115.56 22.2829
      vertex 197 115.262 21.6531
      vertex 200 115.262 21.6531
    endloop
  endfacet
  facet normal 0 -0.903919 -0.427704
    outer loop
      vertex 197 115.56 27.7171
      vertex 200 115.262 28.3469
      vertex 197 115.262 28.3469
    endloop
  endfacet
  facet normal 0 -0.903919 -0.427704
    outer loop
      vertex 200 115.262 28.3469
      vertex 197 115.56 27.7171
      vertex 200 115.56 27.7171
    endloop
  endfacet
  facet normal 0 -0.857214 -0.51496
    outer loop
      vertex 197 115.262 28.3469
      vertex 200 114.903 28.9445
      vertex 197 114.903 28.9445
    endloop
  endfacet
  facet normal 0 -0.857214 -0.51496
    outer loop
      vertex 200 114.903 28.9445
      vertex 197 115.262 28.3469
      vertex 200 115.262 28.3469
    endloop
  endfacet
  facet normal 0 0.671522 -0.740985
    outer loop
      vertex 197 85.9795 30.0205
      vertex 200 86.4958 30.4884
      vertex 200 85.9795 30.0205
    endloop
  endfacet
  facet normal 0 0.671522 -0.740985
    outer loop
      vertex 200 86.4958 30.4884
      vertex 197 85.9795 30.0205
      vertex 197 86.4958 30.4884
    endloop
  endfacet
  facet normal 0 0.427531 -0.904001
    outer loop
      vertex 197 87.6531 31.2616
      vertex 200 88.283 31.5595
      vertex 200 87.6531 31.2616
    endloop
  endfacet
  facet normal 0 0.427531 -0.904001
    outer loop
      vertex 200 88.283 31.5595
      vertex 197 87.6531 31.2616
      vertex 197 88.283 31.5595
    endloop
  endfacet
  facet normal 0 -0.513863 0.857872
    outer loop
      vertex 197 112.945 19.0966
      vertex 200 112.347 18.7384
      vertex 200 112.945 19.0966
    endloop
  endfacet
  facet normal 0 -0.513863 0.857872
    outer loop
      vertex 200 112.347 18.7384
      vertex 197 112.945 19.0966
      vertex 197 112.347 18.7384
    endloop
  endfacet
  facet normal -0 0 1
    outer loop
      vertex 197 109 17.9
      vertex 200 91 17.9
      vertex 200 109 17.9
    endloop
  endfacet
  facet normal 0 0 1
    outer loop
      vertex 200 91 17.9
      vertex 197 109 17.9
      vertex 197 91 17.9
    endloop
  endfacet
  facet normal 0 -0.969795 -0.24392
    outer loop
      vertex 197 115.964 26.3851
      vertex 200 115.794 27.061
      vertex 197 115.794 27.061
    endloop
  endfacet
  facet normal 0 -0.969795 -0.24392
    outer loop
      vertex 200 115.794 27.061
      vertex 197 115.964 26.3851
      vertex 200 115.964 26.3851
    endloop
  endfacet
  facet normal -0 0.514116 0.857721
    outer loop
      vertex 197 87.6531 18.7384
      vertex 200 87.0555 19.0966
      vertex 200 87.6531 18.7384
    endloop
  endfacet
  facet normal 0 0.514116 0.857721
    outer loop
      vertex 200 87.0555 19.0966
      vertex 197 87.6531 18.7384
      vertex 197 87.0555 19.0966
    endloop
  endfacet
  facet normal 0 -0.989225 0.146403
    outer loop
      vertex 197 115.964 23.6149
      vertex 200 116.066 24.3041
      vertex 197 116.066 24.3041
    endloop
  endfacet
  facet normal 0 -0.989225 0.146403
    outer loop
      vertex 200 116.066 24.3041
      vertex 197 115.964 23.6149
      vertex 200 115.964 23.6149
    endloop
  endfacet
  facet normal 0 0.242975 -0.970033
    outer loop
      vertex 197 88.939 31.7943
      vertex 200 89.6149 31.9636
      vertex 200 88.939 31.7943
    endloop
  endfacet
  facet normal 0 0.242975 -0.970033
    outer loop
      vertex 200 89.6149 31.9636
      vertex 197 88.939 31.7943
      vertex 197 89.6149 31.9636
    endloop
  endfacet
  facet normal 0 -0.969795 0.24392
    outer loop
      vertex 197 115.794 22.939
      vertex 200 115.964 23.6149
      vertex 197 115.964 23.6149
    endloop
  endfacet
  facet normal 0 -0.969795 0.24392
    outer loop
      vertex 200 115.964 23.6149
      vertex 197 115.794 22.939
      vertex 200 115.794 22.939
    endloop
  endfacet
  facet normal -0 0.0490858 0.998795
    outer loop
      vertex 197 91 17.9
      vertex 200 90.3041 17.9342
      vertex 200 91 17.9
    endloop
  endfacet
  facet normal 0 0.0490858 0.998795
    outer loop
      vertex 200 90.3041 17.9342
      vertex 197 91 17.9
      vertex 197 90.3041 17.9342
    endloop
  endfacet
  facet normal -0 0.671522 0.740985
    outer loop
      vertex 197 86.4958 19.5116
      vertex 200 85.9795 19.9795
      vertex 200 86.4958 19.5116
    endloop
  endfacet
  facet normal 0 0.671522 0.740985
    outer loop
      vertex 200 85.9795 19.9795
      vertex 197 86.4958 19.5116
      vertex 197 85.9795 19.9795
    endloop
  endfacet
  facet normal 0 0.989183 -0.146684
    outer loop
      vertex 200 83.9342 25.6959
      vertex 197 84.0364 26.3851
      vertex 200 84.0364 26.3851
    endloop
  endfacet
  facet normal 0 0.989183 -0.146684
    outer loop
      vertex 197 84.0364 26.3851
      vertex 200 83.9342 25.6959
      vertex 197 83.9342 25.6959
    endloop
  endfacet
  facet normal 0 0.989183 0.146684
    outer loop
      vertex 200 84.0364 23.6149
      vertex 197 83.9342 24.3041
      vertex 200 83.9342 24.3041
    endloop
  endfacet
  facet normal 0 0.989183 0.146684
    outer loop
      vertex 197 83.9342 24.3041
      vertex 200 84.0364 23.6149
      vertex 197 84.0364 23.6149
    endloop
  endfacet
  facet normal 0 -0.941888 -0.335927
    outer loop
      vertex 197 115.794 27.061
      vertex 200 115.56 27.7171
      vertex 197 115.56 27.7171
    endloop
  endfacet
  facet normal 0 -0.941888 -0.335927
    outer loop
      vertex 200 115.56 27.7171
      vertex 197 115.794 27.061
      vertex 200 115.794 27.061
    endloop
  endfacet
  facet normal 0 0.740985 -0.671522
    outer loop
      vertex 200 85.5116 29.5042
      vertex 197 85.9795 30.0205
      vertex 200 85.9795 30.0205
    endloop
  endfacet
  facet normal 0 0.740985 -0.671522
    outer loop
      vertex 197 85.9795 30.0205
      vertex 200 85.5116 29.5042
      vertex 197 85.5116 29.5042
    endloop
  endfacet
  facet normal 0 -0.740913 -0.671601
    outer loop
      vertex 197 114.488 29.5042
      vertex 200 114.02 30.0205
      vertex 197 114.02 30.0205
    endloop
  endfacet
  facet normal 0 -0.740913 -0.671601
    outer loop
      vertex 200 114.02 30.0205
      vertex 197 114.488 29.5042
      vertex 200 114.488 29.5042
    endloop
  endfacet
  facet normal -0 0.146684 0.989183
    outer loop
      vertex 197 90.3041 17.9342
      vertex 200 89.6149 18.0364
      vertex 200 90.3041 17.9342
    endloop
  endfacet
  facet normal 0 0.146684 0.989183
    outer loop
      vertex 200 89.6149 18.0364
      vertex 197 90.3041 17.9342
      vertex 197 89.6149 18.0364
    endloop
  endfacet
  facet normal 0 -0.740913 0.671601
    outer loop
      vertex 197 114.02 19.9795
      vertex 200 114.488 20.4958
      vertex 197 114.488 20.4958
    endloop
  endfacet
  facet normal 0 -0.740913 0.671601
    outer loop
      vertex 200 114.488 20.4958
      vertex 197 114.02 19.9795
      vertex 200 114.02 19.9795
    endloop
  endfacet
  facet normal 0 -0.0490787 0.998795
    outer loop
      vertex 197 109.696 17.9342
      vertex 200 109 17.9
      vertex 200 109.696 17.9342
    endloop
  endfacet
  facet normal 0 -0.0490787 0.998795
    outer loop
      vertex 200 109 17.9
      vertex 197 109.696 17.9342
      vertex 197 109 17.9
    endloop
  endfacet
  facet normal -0 0.242975 0.970033
    outer loop
      vertex 197 89.6149 18.0364
      vertex 200 88.939 18.2057
      vertex 200 89.6149 18.0364
    endloop
  endfacet
  facet normal 0 0.242975 0.970033
    outer loop
      vertex 200 88.939 18.2057
      vertex 197 89.6149 18.0364
      vertex 197 88.939 18.2057
    endloop
  endfacet
  facet normal 0 0.336991 -0.941508
    outer loop
      vertex 197 88.283 31.5595
      vertex 200 88.939 31.7943
      vertex 200 88.283 31.5595
    endloop
  endfacet
  facet normal 0 0.336991 -0.941508
    outer loop
      vertex 200 88.939 31.7943
      vertex 197 88.283 31.5595
      vertex 197 88.939 31.7943
    endloop
  endfacet
  facet normal 0 0.0490858 -0.998795
    outer loop
      vertex 197 90.3041 32.0658
      vertex 200 91 32.1
      vertex 200 90.3041 32.0658
    endloop
  endfacet
  facet normal 0 0.0490858 -0.998795
    outer loop
      vertex 200 91 32.1
      vertex 197 90.3041 32.0658
      vertex 197 91 32.1
    endloop
  endfacet
  facet normal 0 -0.336991 0.941508
    outer loop
      vertex 197 111.717 18.4405
      vertex 200 111.061 18.2057
      vertex 200 111.717 18.4405
    endloop
  endfacet
  facet normal 0 -0.336991 0.941508
    outer loop
      vertex 200 111.061 18.2057
      vertex 197 111.717 18.4405
      vertex 197 111.061 18.2057
    endloop
  endfacet
  facet normal 0 0.803277 -0.595605
    outer loop
      vertex 200 85.0966 28.9445
      vertex 197 85.5116 29.5042
      vertex 200 85.5116 29.5042
    endloop
  endfacet
  facet normal 0 0.803277 -0.595605
    outer loop
      vertex 197 85.5116 29.5042
      vertex 200 85.0966 28.9445
      vertex 197 85.0966 28.9445
    endloop
  endfacet
  facet normal 0 0.146684 -0.989183
    outer loop
      vertex 197 89.6149 31.9636
      vertex 200 90.3041 32.0658
      vertex 200 89.6149 31.9636
    endloop
  endfacet
  facet normal 0 0.146684 -0.989183
    outer loop
      vertex 200 90.3041 32.0658
      vertex 197 89.6149 31.9636
      vertex 197 90.3041 32.0658
    endloop
  endfacet
  facet normal 0 -0.0490787 -0.998795
    outer loop
      vertex 197 109 32.1
      vertex 200 109.696 32.0658
      vertex 200 109 32.1
    endloop
  endfacet
  facet normal -0 -0.0490787 -0.998795
    outer loop
      vertex 200 109.696 32.0658
      vertex 197 109 32.1
      vertex 197 109.696 32.0658
    endloop
  endfacet
  facet normal 0 0.857721 -0.514116
    outer loop
      vertex 200 84.7384 28.3469
      vertex 197 85.0966 28.9445
      vertex 200 85.0966 28.9445
    endloop
  endfacet
  facet normal 0 0.857721 -0.514116
    outer loop
      vertex 197 85.0966 28.9445
      vertex 200 84.7384 28.3469
      vertex 197 84.7384 28.3469
    endloop
  endfacet
  facet normal 0 0.740985 0.671522
    outer loop
      vertex 200 85.9795 19.9795
      vertex 197 85.5116 20.4958
      vertex 200 85.5116 20.4958
    endloop
  endfacet
  facet normal 0 0.740985 0.671522
    outer loop
      vertex 197 85.5116 20.4958
      vertex 200 85.9795 19.9795
      vertex 197 85.9795 19.9795
    endloop
  endfacet
  facet normal 0 -0.242941 0.970041
    outer loop
      vertex 197 111.061 18.2057
      vertex 200 110.385 18.0364
      vertex 200 111.061 18.2057
    endloop
  endfacet
  facet normal 0 -0.242941 0.970041
    outer loop
      vertex 200 110.385 18.0364
      vertex 197 111.061 18.2057
      vertex 197 110.385 18.0364
    endloop
  endfacet
  facet normal 0 0.970033 -0.242975
    outer loop
      vertex 200 84.0364 26.3851
      vertex 197 84.2057 27.061
      vertex 200 84.2057 27.061
    endloop
  endfacet
  facet normal 0 0.970033 -0.242975
    outer loop
      vertex 197 84.2057 27.061
      vertex 200 84.0364 26.3851
      vertex 197 84.0364 26.3851
    endloop
  endfacet
  facet normal 0 -0.242941 -0.970041
    outer loop
      vertex 197 110.385 31.9636
      vertex 200 111.061 31.7943
      vertex 200 110.385 31.9636
    endloop
  endfacet
  facet normal -0 -0.242941 -0.970041
    outer loop
      vertex 200 111.061 31.7943
      vertex 197 110.385 31.9636
      vertex 197 111.061 31.7943
    endloop
  endfacet
  facet normal -0 0.595605 0.803277
    outer loop
      vertex 197 87.0555 19.0966
      vertex 200 86.4958 19.5116
      vertex 200 87.0555 19.0966
    endloop
  endfacet
  facet normal 0 0.595605 0.803277
    outer loop
      vertex 200 86.4958 19.5116
      vertex 197 87.0555 19.0966
      vertex 197 86.4958 19.5116
    endloop
  endfacet
  facet normal 0 -0.998809 -0.0487994
    outer loop
      vertex 197 116.1 25
      vertex 200 116.066 25.6959
      vertex 197 116.066 25.6959
    endloop
  endfacet
  facet normal 0 -0.998809 -0.0487994
    outer loop
      vertex 200 116.066 25.6959
      vertex 197 116.1 25
      vertex 200 116.1 25
    endloop
  endfacet
  facet normal -0 0.336991 0.941508
    outer loop
      vertex 197 88.939 18.2057
      vertex 200 88.283 18.4405
      vertex 200 88.939 18.2057
    endloop
  endfacet
  facet normal 0 0.336991 0.941508
    outer loop
      vertex 200 88.283 18.4405
      vertex 197 88.939 18.2057
      vertex 197 88.283 18.4405
    endloop
  endfacet
  facet normal 0 0.903974 0.427587
    outer loop
      vertex 200 84.7384 21.6531
      vertex 197 84.4405 22.2829
      vertex 200 84.4405 22.2829
    endloop
  endfacet
  facet normal 0 0.903974 0.427587
    outer loop
      vertex 197 84.4405 22.2829
      vertex 200 84.7384 21.6531
      vertex 197 84.7384 21.6531
    endloop
  endfacet
  facet normal 0 0.941524 -0.336945
    outer loop
      vertex 200 84.2057 27.061
      vertex 197 84.4405 27.7171
      vertex 200 84.4405 27.7171
    endloop
  endfacet
  facet normal 0 0.941524 -0.336945
    outer loop
      vertex 197 84.4405 27.7171
      vertex 200 84.2057 27.061
      vertex 197 84.2057 27.061
    endloop
  endfacet
  facet normal 0 0.970033 0.242975
    outer loop
      vertex 200 84.2057 22.939
      vertex 197 84.0364 23.6149
      vertex 200 84.0364 23.6149
    endloop
  endfacet
  facet normal 0 0.970033 0.242975
    outer loop
      vertex 197 84.0364 23.6149
      vertex 200 84.2057 22.939
      vertex 197 84.2057 22.939
    endloop
  endfacet
  facet normal 0 0.514116 -0.857721
    outer loop
      vertex 197 87.0555 30.9034
      vertex 200 87.6531 31.2616
      vertex 200 87.0555 30.9034
    endloop
  endfacet
  facet normal 0 0.514116 -0.857721
    outer loop
      vertex 200 87.6531 31.2616
      vertex 197 87.0555 30.9034
      vertex 197 87.6531 31.2616
    endloop
  endfacet
  facet normal 0 -0.596086 -0.802921
    outer loop
      vertex 197 112.945 30.9034
      vertex 200 113.504 30.4884
      vertex 200 112.945 30.9034
    endloop
  endfacet
  facet normal -0 -0.596086 -0.802921
    outer loop
      vertex 200 113.504 30.4884
      vertex 197 112.945 30.9034
      vertex 197 113.504 30.4884
    endloop
  endfacet
  facet normal -0 0.427531 0.904001
    outer loop
      vertex 197 88.283 18.4405
      vertex 200 87.6531 18.7384
      vertex 200 88.283 18.4405
    endloop
  endfacet
  facet normal 0 0.427531 0.904001
    outer loop
      vertex 200 87.6531 18.7384
      vertex 197 88.283 18.4405
      vertex 197 87.6531 18.7384
    endloop
  endfacet
  facet normal 0 -0.427476 -0.904027
    outer loop
      vertex 197 111.717 31.5595
      vertex 200 112.347 31.2616
      vertex 200 111.717 31.5595
    endloop
  endfacet
  facet normal -0 -0.427476 -0.904027
    outer loop
      vertex 200 112.347 31.2616
      vertex 197 111.717 31.5595
      vertex 197 112.347 31.2616
    endloop
  endfacet
  facet normal 0 -0.336991 -0.941508
    outer loop
      vertex 197 111.061 31.7943
      vertex 200 111.717 31.5595
      vertex 200 111.061 31.7943
    endloop
  endfacet
  facet normal -0 -0.336991 -0.941508
    outer loop
      vertex 200 111.717 31.5595
      vertex 197 111.061 31.7943
      vertex 197 111.717 31.5595
    endloop
  endfacet
  facet normal 0 -0.513863 -0.857872
    outer loop
      vertex 197 112.347 31.2616
      vertex 200 112.945 30.9034
      vertex 200 112.347 31.2616
    endloop
  endfacet
  facet normal -0 -0.513863 -0.857872
    outer loop
      vertex 200 112.945 30.9034
      vertex 197 112.347 31.2616
      vertex 197 112.945 30.9034
    endloop
  endfacet
  facet normal 0 0.803277 0.595605
    outer loop
      vertex 200 85.5116 20.4958
      vertex 197 85.0966 21.0555
      vertex 200 85.0966 21.0555
    endloop
  endfacet
  facet normal 0 0.803277 0.595605
    outer loop
      vertex 197 85.0966 21.0555
      vertex 200 85.5116 20.4958
      vertex 197 85.5116 20.4958
    endloop
  endfacet
  facet normal 0 0.857721 0.514116
    outer loop
      vertex 200 85.0966 21.0555
      vertex 197 84.7384 21.6531
      vertex 200 84.7384 21.6531
    endloop
  endfacet
  facet normal 0 0.857721 0.514116
    outer loop
      vertex 197 84.7384 21.6531
      vertex 200 85.0966 21.0555
      vertex 197 85.0966 21.0555
    endloop
  endfacet
endsolid OpenSCAD_Model
